,datetime_utc,yes_best_ask_price,yes_best_ask_size,yes_best_bid_price,yes_best_bid_size,no_best_ask_price,no_best_ask_size,no_best_bid_price,no_best_bid_size,arb_gap,yes_best_mid_price,no_best_mid_price,yes_best_mid_std,no_best_mid_std,cheap_yes,cheap_no,yes_imbalance,no_imbalance,pair_best_ask_price,timestamp,price_Down,price_Up,size_Down,size_Up
0,2026-01-18 19:45:01.774,0.55,162.68,0.5,6.78,0.5,1.78,0.45,162.68,0.050000000000000044,0.525,0.475,,,0,0,-0.9199811164876667,0.978353399002797,1.05,,,,,
1,2026-01-18 19:45:03.006,0.52,61.0,0.5,1.78,0.5,1.78,0.48,61.0,0.020000000000000018,0.51,0.49,0.010606601717798262,0.010606601717798222,0,0,-0.9432940426887544,0.9432940426887544,1.02,,,,,
2,2026-01-18 19:45:04.079,0.52,99.7,0.5,25.78,0.5,25.78,0.48,99.7,0.020000000000000018,0.51,0.49,0.008660254037844426,0.008660254037844393,0,0,-0.5890978642014664,0.5890978642014664,1.02,,,,,
3,2026-01-18 19:45:05.353,0.46,49.5,0.45,183.89,0.55,183.89,0.54,49.5,0.010000000000000009,0.455,0.545,0.030822070014844882,0.03082207001484491,0,0,0.5758173015124898,-0.5758173015124898,1.01,,,,,
4,2026-01-18 19:45:06.431,0.46,123.0,0.45,194.9,0.55,194.9,0.54,123.0,0.010000000000000009,0.455,0.545,0.03342902930089355,0.03342902930089359,0,0,0.22617175212330926,-0.22617175212330926,1.01,,,,,
5,2026-01-18 19:45:07.703,0.46,120.36,0.45,148.3,0.55,148.3,0.54,132.36,0.010000000000000009,0.455,0.545,0.03331666249791536,0.03331666249791539,0,0,0.10399761780689351,-0.05679469821135893,1.01,,,,,
6,2026-01-18 19:45:08.773,0.46,55.67,0.45,204.49,0.55,204.49,0.54,55.67,0.010000000000000009,0.455,0.545,0.03245876505000503,0.03245876505000506,0,0,0.5720325953259532,-0.5720325953259532,1.01,,,,,
7,2026-01-18 19:45:09.924,0.45,89.74,0.44,152.29,0.56,152.29,0.55,105.55,0.010000000000000009,0.445,0.555,0.032596012026013234,0.03259601202601326,0,0,0.25843903648308064,-0.181275209432206,1.01,,,,,
8,2026-01-18 19:45:10.974,0.45,65.05,0.44,183.57,0.56,183.57,0.55,65.05,0.010000000000000009,0.445,0.555,0.032221024881968666,0.03222102488196869,0,0,0.4767114471884804,-0.4767114471884804,1.01,,,,,
9,2026-01-18 19:45:12.243,0.45,76.66,0.44,173.39,0.56,173.39,0.55,76.66,0.010000000000000009,0.445,0.555,0.031622776601683784,0.03162277660168381,0,0,0.38684263147370523,-0.38684263147370523,1.01,,,,,
10,2026-01-18 19:45:13.555,0.45,60.75,0.44,128.95,0.56,128.95,0.55,60.75,0.010000000000000009,0.445,0.555,0.030932477783361965,0.03093247778336199,0,0,0.35951502372166577,-0.35951502372166577,1.01,,,,,
11,2026-01-18 19:45:14.771,0.46,233.74,0.45,56.5,0.55,56.5,0.54,233.74,0.010000000000000009,0.455,0.545,0.029720924166878344,0.02972092416687836,0,0,-0.6106670341786108,0.6106670341786108,1.01,,,,,
12,2026-01-18 19:45:15.886,0.46,126.38,0.45,147.45,0.55,147.45,0.54,126.38,0.010000000000000009,0.455,0.545,0.028638999767664857,0.02863899976766487,0,0,0.07694555015885766,-0.07694555015885766,1.01,,,,,
13,2026-01-18 19:45:17.085,0.46,67.42,0.45,195.95,0.55,201.45,0.54,67.42,0.010000000000000009,0.455,0.545,0.027665585397468377,0.027665585397468388,0,0,0.48802065535178635,-0.4984936958381373,1.01,,,,,
14,2026-01-18 19:45:18.197,0.46,57.68,0.45,236.45,0.55,236.45,0.54,57.68,0.010000000000000009,0.455,0.545,0.026783968197056845,0.026783968197056855,0,0,0.6077924727161459,-0.6077924727161459,1.01,,,,,
15,2026-01-18 19:45:19.288,0.48,115.69,0.47,160.0,0.53,160.0,0.52,115.69,0.010000000000000009,0.475,0.525,0.026012817353502228,0.02601281735350224,0,0,0.1607240015959955,-0.1607240015959955,1.01,,,,,
16,2026-01-18 19:45:20.597,0.48,66.0,0.47,137.5,0.53,137.5,0.52,66.0,0.010000000000000009,0.475,0.525,0.025303307154227416,0.025303307154227427,0,0,0.35135135135135137,-0.35135135135135137,1.01,,,,,
17,2026-01-18 19:45:21.665,0.48,130.34,0.47,198.5,0.53,198.5,0.52,130.34,0.010000000000000009,0.475,0.525,0.02464784655642924,0.024647846556429254,0,0,0.2072740542513076,-0.2072740542513076,1.01,,,,,
18,2026-01-18 19:45:22.743,0.48,121.0,0.47,171.13,0.53,171.13,0.52,121.0,0.010000000000000009,0.475,0.525,0.024040049430235928,0.02404004943023594,0,0,0.1716016841816999,-0.1716016841816999,1.01,,,,,
19,2026-01-18 19:45:24.206,0.48,121.81,0.47,187.58,0.53,187.58,0.52,121.81,0.010000000000000009,0.475,0.525,0.023474510252163877,0.02347451025216389,0,0,0.21257959210058505,-0.21257959210058505,1.01,,,,,
20,2026-01-18 19:45:25.294,0.48,93.89,0.47,229.58,0.53,229.58,0.52,93.89,0.010000000000000009,0.475,0.525,0.022946625439214774,0.022946625439214788,0,0,0.4194824867839366,-0.4194824867839366,1.01,,,,,
21,2026-01-18 19:45:26.379,0.48,86.22,0.47,164.58,0.53,188.58,0.52,86.22,0.010000000000000009,0.475,0.525,0.022452450960030033,0.022452450960030047,0,0,0.31244019138755985,-0.37248908296943234,1.01,,,,,
22,2026-01-18 19:45:27.561,0.48,105.22,0.47,171.55,0.53,171.55,0.52,105.22,0.010000000000000009,0.475,0.525,0.02198858848847316,0.02198858848847318,0,0,0.23965747732774512,-0.23965747732774512,1.01,,,,,
23,2026-01-18 19:45:28.475,0.48,79.13,0.47,141.55,0.53,141.55,0.52,79.13,0.010000000000000009,0.475,0.525,0.021552093949850623,0.021552093949850637,0,0,0.2828529998187421,-0.2828529998187421,1.01,,,,,
24,2026-01-18 19:45:29.676,0.48,144.13,0.47,163.55,0.53,163.55,0.52,144.13,0.010000000000000009,0.475,0.525,0.021140403654298236,0.021140403654298246,0,0,0.0631175247009881,-0.0631175247009881,1.01,,,,,
25,2026-01-18 19:45:30.897,0.48,130.63,0.47,126.6,0.53,126.6,0.52,130.63,0.010000000000000009,0.475,0.525,0.02075127428895354,0.02075127428895355,0,0,-0.015666912879524163,0.015666912879524163,1.01,,,,,
26,2026-01-18 19:45:32.027,0.48,150.36,0.47,60.6,0.53,60.6,0.52,150.36,0.010000000000000009,0.475,0.525,0.020382733880808038,0.02038273388080805,0,0,-0.4254835039817976,0.4254835039817976,1.01,,,,,
27,2026-01-18 19:45:33.152,0.48,185.36,0.47,92.71,0.53,92.71,0.52,185.36,0.010000000000000009,0.475,0.525,0.020033041489567947,0.02003304148956796,0,0,-0.3331894846621355,0.3331894846621355,1.01,,,,,
28,2026-01-18 19:45:34.342,0.48,138.86,0.47,948.73,0.53,948.73,0.52,138.86,0.010000000000000009,0.475,0.525,0.01970065388627488,0.019700653886274892,0,0,0.7446464200663853,-0.7446464200663853,1.01,,,,,
29,2026-01-18 19:45:35.417,0.48,132.86,0.47,999.73,0.53,999.73,0.52,132.86,0.010000000000000009,0.475,0.525,0.019384197853839116,0.01938419785383913,0,0,0.7653872981396621,-0.7653872981396621,1.01,,,,,
30,2026-01-18 19:45:36.366,0.48,81.35,0.47,1013.45,0.53,1013.45,0.52,81.35,0.010000000000000009,0.475,0.525,0.019082447037689795,0.019082447037689805,0,0,0.8513883814395324,-0.8513883814395324,1.01,,,,,
31,2026-01-18 19:45:37.428,0.48,12.69,0.47,1018.95,0.53,1018.95,0.52,12.69,0.010000000000000009,0.475,0.525,0.018794302499736786,0.018794302499736796,0,0,0.9753983947888797,-0.9753983947888797,1.01,,,,,
32,2026-01-18 19:45:38.833,0.48,17.69,0.47,940.95,0.53,940.95,0.52,17.69,0.010000000000000009,0.475,0.525,0.01851877630291956,0.018518776302919576,0,0,0.9630935491946924,-0.9630935491946924,1.01,,,,,
33,2026-01-18 19:45:40.046,0.49,143.29,0.48,72.15,0.52,72.15,0.51,143.29,0.010000000000000009,0.485,0.515,0.018412969156414716,0.01841296915641473,0,0,-0.3302079465280356,0.3302079465280356,1.01,2026-01-18 19:45:42,,0.48,,21.1046
34,2026-01-18 19:45:41.151,0.49,143.29,0.48,48.95,0.52,48.95,0.51,143.29,0.010000000000000009,0.485,0.515,0.01830300521772311,0.018303005217723125,0,0,-0.49074074074074064,0.49074074074074064,1.01,2026-01-18 19:45:42,,0.48,,21.1046
35,2026-01-18 19:45:42.396,0.49,168.29,0.48,24.95,0.52,24.95,0.51,168.29,0.010000000000000009,0.485,0.515,0.018189915224459275,0.01818991522445929,0,0,-0.7417718898778721,0.7417718898778721,1.01,2026-01-18 19:45:42,,0.48,,21.1046
36,2026-01-18 19:45:43.641,0.49,168.29,0.48,46.5,0.52,70.5,0.51,168.29,0.010000000000000009,0.485,0.515,0.018074545338380953,0.018074545338380966,0,0,-0.5670189487406304,0.40952301185141754,1.01,2026-01-18 19:45:42,,0.48,,21.1046
37,2026-01-18 19:45:44.686,0.49,210.29,0.48,39.0,0.52,39.0,0.51,210.29,0.010000000000000009,0.485,0.515,0.0179575918955085,0.01795759189550851,0,0,-0.6871113963656785,0.6871113963656785,1.01,,,,,
38,2026-01-18 19:45:45.882,0.49,222.29,0.48,22.0,0.52,22.0,0.51,222.29,0.010000000000000009,0.485,0.515,0.017839628966809087,0.017839628966809098,0,0,-0.8198862008268861,0.8198862008268861,1.01,,,,,
39,2026-01-18 19:45:47.180,0.5,79.5,0.49,945.03,0.51,945.03,0.5,79.5,0.010000000000000009,0.495,0.505,0.01796720659480801,0.017967206594808022,0,0,0.8448068870604082,-0.8448068870604082,1.01,,,,,
40,2026-01-18 19:45:48.393,0.5,89.5,0.49,970.5,0.51,970.5,0.5,89.5,0.010000000000000009,0.495,0.505,0.01807082947871459,0.018070829478714596,0,0,0.8311320754716981,-0.8311320754716981,1.01,,,,,
41,2026-01-18 19:45:49.593,0.5,105.5,0.49,940.5,0.51,940.5,0.5,105.5,0.010000000000000009,0.495,0.505,0.018153750376420412,0.018153750376420415,0,0,0.7982791586998088,-0.7982791586998088,1.01,,,,,
42,2026-01-18 19:45:50.609,0.5,99.5,0.49,940.5,0.51,940.5,0.5,99.5,0.010000000000000009,0.495,0.505,0.01821870942741123,0.018218709427411234,0,0,0.8086538461538462,-0.8086538461538462,1.01,,,,,
43,2026-01-18 19:45:51.884,0.5,75.5,0.49,965.63,0.51,965.63,0.5,75.5,0.010000000000000009,0.495,0.505,0.018268030277853113,0.018268030277853117,0,0,0.8549652781112829,-0.8549652781112829,1.01,,,,,
44,2026-01-18 19:45:53.141,0.5,94.5,0.49,922.08,0.51,894.08,0.5,94.5,0.010000000000000009,0.495,0.505,0.01830369505114343,0.01830369505114343,0,0,0.8140825119518386,-0.8088166865605212,1.01,,,,,
45,2026-01-18 19:45:54.223,0.5,67.15,0.49,921.24,0.51,921.24,0.5,67.15,0.010000000000000009,0.495,0.505,0.018327403520596235,0.018327403520596235,0,0,0.8641224617812807,-0.8641224617812807,1.01,,,,,
46,2026-01-18 19:45:55.395,0.5,34.15,0.49,938.16,0.51,938.16,0.5,34.15,0.010000000000000009,0.495,0.505,0.018340620310570287,0.018340620310570283,0,0,0.9297549135563761,-0.9297549135563761,1.01,,,,,
47,2026-01-18 19:45:56.529,0.5,32.15,0.49,770.33,0.51,770.33,0.5,32.15,0.010000000000000009,0.495,0.505,0.01834461290665561,0.018344612906655608,0,0,0.9198733924833018,-0.9198733924833018,1.01,,,,,
48,2026-01-18 19:45:57.892,0.5,266.15,0.49,84.29,0.51,84.29,0.5,266.15,0.010000000000000009,0.495,0.505,0.01834048252690556,0.018340482526905552,0,0,-0.5189476087204655,0.5189476087204655,1.01,,,,,
49,2026-01-18 19:45:58.953,0.5,274.65,0.49,67.29,0.51,67.29,0.5,274.65,0.010000000000000009,0.495,0.505,0.018329189389426626,0.018329189389426622,0,0,-0.6064221793297069,0.6064221793297069,1.01,,,,,
50,2026-01-18 19:46:00.062,0.5,196.65,0.49,63.29,0.51,63.29,0.5,196.65,0.010000000000000009,0.495,0.505,0.018311573539436646,0.01831157353943664,0,0,-0.5130414711087175,0.5130414711087175,1.01,,,,,
51,2026-01-18 19:46:01.176,0.49,610.05,0.48,5.0,0.52,5.0,0.51,610.05,0.010000000000000009,0.485,0.515,0.018159050944961844,0.018159050944961837,0,0,-0.9837411592553451,0.9837411592553451,1.01,,,,,
52,2026-01-18 19:46:02.249,0.45,363.05,0.44,21.0,0.56,21.0,0.55,363.05,0.010000000000000009,0.445,0.555,0.01854220854760651,0.01854220854760651,0,0,-0.890639239682333,0.890639239682333,1.01,2026-01-18 19:46:04,0.56,,13.7876,
53,2026-01-18 19:46:03.530,0.41,327.92,0.4,24.47,0.6,19.47,0.59,327.92,0.010000000000000009,0.405,0.595,0.020833438154872562,0.02083343815487257,0,0,-0.86111978205965,0.8879069633553068,1.01,2026-01-18 19:46:04,0.56,,13.7876,
54,2026-01-18 19:46:04.738,0.37,20.96,0.35,89.54,0.65,89.54,0.63,20.96,0.020000000000000018,0.36,0.64,0.025890861328598164,0.02589086132859818,0,0,0.620633484162896,-0.620633484162896,1.02,2026-01-18 19:46:04,0.56,,13.7876,
55,2026-01-18 19:46:06.018,0.36,312.83,0.35,33.53,0.65,33.53,0.64,312.83,0.010000000000000009,0.355,0.645,0.030170376586589415,0.030170376586589442,0,0,-0.8063864187550523,0.8063864187550523,1.01,2026-01-18 19:46:06,0.56,,27.583199999999998,
56,2026-01-18 19:46:07.176,0.34,164.87,0.33,103.76,0.67,98.76,0.66,164.87,0.010000000000000009,0.335,0.665,0.03495454441755171,0.03495454441755175,0,0,-0.2274876223802256,0.25076812198915144,1.01,2026-01-18 19:46:06,0.56,,27.583199999999998,
57,2026-01-18 19:46:08.320,0.33,89.84,0.32,15.0,0.68,15.0,0.67,139.84,0.010000000000000009,0.325,0.675,0.03948904218274464,0.03948904218274469,0,0,-0.7138496756962991,0.8062516145698786,1.01,2026-01-18 19:46:10,0.65,,23.758499999999998,
58,2026-01-18 19:46:09.450,0.32,142.12,0.31,17.55,0.69,17.55,0.68,150.12,0.010000000000000009,0.315,0.685,0.043853336672898445,0.043853336672898494,0,0,-0.780171603933112,0.790660225442834,1.01,2026-01-18 19:46:10,0.65,,23.758499999999998,
59,2026-01-18 19:46:10.488,0.32,159.52,0.31,19.05,0.69,19.05,0.68,159.52,0.010000000000000009,0.315,0.685,0.04755750310618624,0.0475575031061863,0,0,-0.7866382931063447,0.7866382931063447,1.01,2026-01-18 19:46:10,0.65,,23.758499999999998,
60,2026-01-18 19:46:11.701,0.31,103.58,0.3,827.04,0.7,827.04,0.69,103.58,0.010000000000000009,0.305,0.695,0.050957706513415045,0.050957706513415114,0,0,0.7773957146848337,-0.7773957146848337,1.01,2026-01-18 19:46:10,0.65,,23.758499999999998,
61,2026-01-18 19:46:12.814,0.31,117.58,0.3,845.04,0.7,845.04,0.69,117.58,0.010000000000000009,0.305,0.695,0.05418789240795231,0.05418789240795239,0,0,0.7557083792150588,-0.7557083792150588,1.01,,,,,
62,2026-01-18 19:46:13.982,0.31,122.6,0.3,838.28,0.7,838.28,0.69,117.6,0.010000000000000009,0.305,0.695,0.05702827874196435,0.05702827874196443,0,0,0.7448172508533843,-0.7539440097083315,1.01,,,,,
63,2026-01-18 19:46:15.294,0.31,51.4,0.3,788.82,0.7,788.82,0.69,51.4,0.010000000000000009,0.305,0.695,0.06006793470447452,0.060067934704474586,0,0,0.8776510913808289,-0.8776510913808289,1.01,,,,,
64,2026-01-18 19:46:16.379,0.31,64.14,0.3,121.94,0.7,121.94,0.69,64.14,0.010000000000000009,0.305,0.695,0.06285998026283546,0.06285998026283554,0,0,0.31061908856405845,-0.31061908856405845,1.01,,,,,
65,2026-01-18 19:46:17.617,0.31,10.0,0.3,968.44,0.7,968.44,0.69,10.0,0.010000000000000009,0.305,0.695,0.06543611841498803,0.0654361184149881,0,0,0.9795592984751237,-0.9795592984751237,1.01,,,,,
66,2026-01-18 19:46:19.383,0.32,8.0,0.31,147.0,0.69,147.0,0.68,8.0,0.010000000000000009,0.315,0.685,0.0674919434405213,0.06749194344052138,0,0,0.896774193548387,-0.896774193548387,1.01,,,,,
67,2026-01-18 19:46:20.371,0.33,165.06,0.32,44.63,0.68,44.63,0.67,160.06,0.010000000000000009,0.325,0.675,0.06914178301282146,0.06914178301282153,0,0,-0.5743240020983357,0.5639259367824515,1.01,2026-01-18 19:46:22,,0.32,,12.8462
68,2026-01-18 19:46:21.599,0.33,227.69,0.32,38.36,0.68,38.36,0.67,227.69,0.010000000000000009,0.325,0.675,0.07069564550794699,0.07069564550794707,0,0,-0.7116331516632212,0.7116331516632212,1.01,2026-01-18 19:46:22,,0.32,,12.8462
69,2026-01-18 19:46:22.660,0.34,19.3,0.33,59.0,0.67,59.0,0.66,19.3,0.010000000000000009,0.335,0.665,0.0719115020305777,0.07191150203057778,0,0,0.5070242656449554,-0.5070242656449554,1.01,2026-01-18 19:46:22,,0.32,,12.8462
70,2026-01-18 19:46:23.805,0.47,65.4,0.45,10.0,0.56,19.5,0.53,65.4,0.030000000000000027,0.45999999999999996,0.545,0.07197084312335794,0.07194527699130734,0,0,-0.7347480106100795,0.5406360424028269,1.03,2026-01-18 19:46:22,,0.32,,12.8462
71,2026-01-18 19:46:25.005,0.44,60.0,0.43,754.74,0.57,754.74,0.56,60.0,0.010000000000000009,0.435,0.565,0.0719268696404284,0.07190089499140451,0,0,0.8527137491715149,-0.8527137491715149,1.01,2026-01-18 19:46:26,,0.3497857142857143,,27.6428
72,2026-01-18 19:46:26.137,0.44,3.18,0.43,722.99,0.57,722.99,0.56,3.18,0.010000000000000009,0.435,0.565,0.0718812973168598,0.07185491306148419,0,0,0.9912417202583419,-0.9912417202583419,1.01,2026-01-18 19:46:26,,0.3497857142857143,,27.6428
73,2026-01-18 19:46:27.359,0.44,62.61,0.43,661.7,0.57,661.7,0.56,62.61,0.010000000000000009,0.435,0.565,0.07183412310968824,0.07180732812799374,0,0,0.8271182228603774,-0.8271182228603774,1.01,2026-01-18 19:46:26,,0.3497857142857143,,27.6428
74,2026-01-18 19:46:28.582,0.44,114.06,0.43,622.6,0.57,622.6,0.56,114.06,0.010000000000000009,0.435,0.565,0.071785343860849,0.07175813700193662,0,0,0.6903320392039747,-0.6903320392039747,1.01,,,,,
75,2026-01-18 19:46:29.649,0.44,19.72,0.43,710.1,0.57,710.1,0.56,8.35,0.010000000000000009,0.435,0.565,0.07158831612525686,0.0715602448575171,0,0,0.9459592776301005,-0.9767555153455355,1.01,,,,,
76,2026-01-18 19:46:30.862,0.45,33.34,0.44,9.2,0.56,9.2,0.55,33.34,0.010000000000000009,0.445,0.555,0.07140043836609163,0.07137169951406108,0,0,-0.5674659144334744,0.5674659144334744,1.01,,,,,
77,2026-01-18 19:46:32.005,0.44,70.0,0.43,55.52,0.57,55.52,0.56,70.0,0.010000000000000009,0.435,0.565,0.07119123605048217,0.07116161878920806,0,0,-0.11536010197578071,0.11536010197578071,1.01,,,,,
78,2026-01-18 19:46:33.285,0.45,116.42,0.44,123.46,0.56,123.46,0.55,116.42,0.010000000000000009,0.445,0.555,0.07099395215747498,0.0709636554546074,0,0,0.0293480073370018,-0.0293480073370018,1.01,,,,,
79,2026-01-18 19:46:34.410,0.45,1022.0,0.44,159.51,0.56,159.51,0.55,940.0,0.010000000000000009,0.445,0.555,0.07079252729564009,0.07076154554335017,0,0,-0.7299895895929784,0.7098525706905804,1.01,,,,,
80,2026-01-18 19:46:35.646,0.35,44.0,0.34,10.5,0.66,10.5,0.65,51.0,0.010000000000000009,0.345,0.655,0.07143030264245849,0.0713970259235948,0,0,-0.6146788990825688,0.6585365853658537,1.01,,,,,
81,2026-01-18 19:46:36.653,0.33,115.53,0.32,734.0,0.68,734.0,0.67,115.53,0.010000000000000009,0.325,0.675,0.07242880782803084,0.07239306354698301,0,0,0.7280143137970407,-0.7280143137970407,1.01,2026-01-18 19:46:38,0.56,,55.1504,
82,2026-01-18 19:46:37.873,0.33,89.0,0.32,717.25,0.68,717.25,0.67,89.0,0.010000000000000009,0.325,0.675,0.07332710553935462,0.073288908603511,0,0,0.7792248062015504,-0.7792248062015504,1.01,2026-01-18 19:46:38,0.56,,55.1504,
83,2026-01-18 19:46:38.980,0.33,331.5,0.32,42.5,0.68,42.5,0.67,331.5,0.010000000000000009,0.325,0.675,0.07412883882648305,0.07408819564858683,0,0,-0.7727272727272727,0.7727272727272727,1.01,2026-01-18 19:46:38,0.56,,55.1504,
84,2026-01-18 19:46:40.068,0.32,201.37,0.31,941.0,0.69,941.0,0.68,201.37,0.010000000000000009,0.315,0.685,0.07506193299743036,0.07501878295873757,0,0,0.6474522265115507,-0.6474522265115507,1.01,2026-01-18 19:46:40,0.68,,27.6686,
85,2026-01-18 19:46:41.296,0.33,5.0,0.32,178.55,0.68,178.55,0.67,5.0,0.010000000000000009,0.325,0.675,0.07567194287087584,0.07562633946145343,0,0,0.9455189321710705,-0.9455189321710705,1.01,2026-01-18 19:46:42,0.68,,13.8343,
86,2026-01-18 19:46:42.389,0.36,135.53,0.35,31.55,0.65,31.55,0.64,130.03,0.010000000000000009,0.355,0.645,0.07569433775627851,0.0756465073073213,0,0,-0.6223366052190568,0.6094813714568634,1.01,2026-01-18 19:46:42,0.68,,13.8343,
87,2026-01-18 19:46:43.596,0.36,194.03,0.35,135.68,0.65,135.68,0.64,166.03,0.010000000000000009,0.355,0.645,0.0756629830607392,0.07561289124239268,0,0,-0.17697370416426553,0.10059328494249442,1.01,2026-01-18 19:46:44,,0.32,,4.9409
88,2026-01-18 19:46:44.677,0.36,321.38,0.35,109.06,0.65,109.06,0.64,321.38,0.010000000000000009,0.355,0.645,0.07557781188760034,0.07552541944968497,0,0,-0.49326270792677257,0.49326270792677257,1.01,2026-01-18 19:46:44,,0.32,,4.9409
89,2026-01-18 19:46:45.909,0.37,165.04,0.36,79.55,0.64,69.55,0.63,179.04,0.010000000000000009,0.365,0.635,0.07532865842201761,0.075274028579126,0,0,-0.3495236927102498,0.4404441047507945,1.01,2026-01-18 19:46:46,,0.35,,27.2232
90,2026-01-18 19:46:47.111,0.35,57.05,0.34,16.0,0.66,16.0,0.65,57.05,0.010000000000000009,0.345,0.655,0.07526769551873203,0.07521058007974815,0,0,-0.5619438740588638,0.5619438740588638,1.01,2026-01-18 19:46:46,,0.35,,27.2232
91,2026-01-18 19:46:48.244,0.36,172.71,0.35,71.0,0.65,71.0,0.64,172.71,0.010000000000000009,0.355,0.645,0.07501958313072216,0.07496001759130091,0,0,-0.4173402814820894,0.4173402814820894,1.01,,,,,
92,2026-01-18 19:46:49.352,0.36,13.66,0.35,466.86,0.65,466.86,0.64,13.66,0.010000000000000009,0.355,0.645,0.07471622396972274,0.07465414606988507,0,0,0.9431449263298093,-0.9431449263298093,1.01,,,,,
93,2026-01-18 19:46:50.576,0.36,12.0,0.35,517.32,0.65,517.32,0.64,12.0,0.010000000000000009,0.355,0.645,0.0741760769755331,0.07411106911232464,0,0,0.954658807526638,-0.954658807526638,1.01,,,,,
94,2026-01-18 19:46:51.673,0.37,307.21,0.36,239.83,0.64,239.83,0.63,307.21,0.010000000000000009,0.365,0.635,0.07347815694492198,0.07341022227498895,0,0,-0.12317198011114355,0.12317198011114355,1.01,,,,,
95,2026-01-18 19:46:52.883,0.37,29.0,0.36,654.68,0.64,654.68,0.63,29.0,0.010000000000000009,0.365,0.635,0.07271762583682596,0.07264664693387074,0,0,0.9151649894687574,-0.9151649894687574,1.01,,,,,
96,2026-01-18 19:46:54.179,0.37,0.8,0.36,636.18,0.64,636.18,0.63,0.8,0.010000000000000009,0.365,0.635,0.07189249664218314,0.07181834232134097,0,0,0.9974881471945746,-0.9974881471945746,1.01,,,,,
97,2026-01-18 19:46:55.269,0.37,409.8,0.36,70.07,0.64,70.07,0.63,409.8,0.010000000000000009,0.365,0.635,0.07100051722577569,0.07092304056944983,0,0,-0.7079625731969075,0.7079625731969075,1.01,,,,,
98,2026-01-18 19:46:56.393,0.37,360.04,0.36,66.94,0.64,66.94,0.63,374.04,0.010000000000000009,0.365,0.635,0.07003913353253798,0.0699581695031109,0,0,-0.6864490140053399,0.696403465009751,1.01,,,,,
99,2026-01-18 19:46:57.494,0.37,102.51,0.36,47.87,0.64,47.87,0.63,102.51,0.010000000000000009,0.365,0.635,0.06875589342998836,0.0686707427071734,0,0,-0.36334618965287946,0.36334618965287946,1.01,,,,,
100,2026-01-18 19:46:58.575,0.37,68.44,0.36,89.37,0.64,89.37,0.63,68.44,0.010000000000000009,0.365,0.635,0.06737742584964403,0.06728780205271051,0,0,0.13262784360940374,-0.13262784360940374,1.01,,,,,
101,2026-01-18 19:46:59.651,0.37,385.0,0.36,89.37,0.64,89.37,0.63,385.0,0.010000000000000009,0.365,0.635,0.06589775507780041,0.06580332577929345,0,0,-0.6232055146826316,0.6232055146826316,1.01,,,,,
102,2026-01-18 19:47:00.773,0.38,874.0,0.37,80.5,0.63,80.5,0.62,874.0,0.010000000000000009,0.375,0.625,0.06427804187019585,0.06417858866427228,0,0,-0.8313253012048193,0.8313253012048193,1.01,,,,,
103,2026-01-18 19:47:02.000,0.37,141.0,0.36,168.93,0.64,168.93,0.63,141.0,0.010000000000000009,0.365,0.635,0.06257876392926946,0.062473666768871734,0,0,0.0901171232213726,-0.0901171232213726,1.01,,,,,
104,2026-01-18 19:47:03.252,0.37,291.45,0.36,147.43,0.64,147.43,0.63,291.45,0.010000000000000009,0.365,0.635,0.06075350772231143,0.06064221972816733,0,0,-0.32815348158950053,0.32815348158950053,1.01,,,,,
105,2026-01-18 19:47:04.465,0.37,302.39,0.36,208.93,0.64,208.93,0.63,302.39,0.010000000000000009,0.365,0.635,0.058790540766485565,0.05867240036824602,0,0,-0.18278181960416173,0.18278181960416173,1.01,,,,,
106,2026-01-18 19:47:05.697,0.37,230.78,0.36,88.86,0.64,92.86,0.63,230.78,0.010000000000000009,0.365,0.635,0.056675555966110985,0.056549750607631455,0,0,-0.44399949943686656,0.4261525151402794,1.01,,,,,
107,2026-01-18 19:47:07.097,0.37,185.21,0.36,55.0,0.64,55.0,0.63,185.21,0.010000000000000009,0.365,0.635,0.05439082258911779,0.054256336035526785,0,0,-0.5420673577286541,0.5420673577286541,1.01,,,,,
108,2026-01-18 19:47:08.208,0.37,17.0,0.36,108.89,0.64,108.89,0.63,17.0,0.010000000000000009,0.365,0.635,0.0519139335552135,0.05176946671171938,0,0,0.7299229486059258,-0.7299229486059258,1.01,,,,,
109,2026-01-18 19:47:09.330,0.37,52.0,0.36,47.46,0.64,47.46,0.63,52.0,0.010000000000000009,0.365,0.635,0.04921588554349591,0.04905973241501393,0,0,-0.045646491051679054,0.045646491051679054,1.01,,,,,
110,2026-01-18 19:47:10.456,0.37,63.23,0.36,23.0,0.64,23.0,0.63,63.23,0.010000000000000009,0.365,0.635,0.04625799671286021,0.04608783986097467,0,0,-0.46654296648498206,0.46654296648498206,1.01,,,,,
111,2026-01-18 19:47:11.747,0.37,93.5,0.36,44.5,0.64,44.5,0.63,93.5,0.010000000000000009,0.365,0.635,0.043485499888640484,0.04330053626316842,0,0,-0.35507246376811596,0.35507246376811596,1.01,,,,,
112,2026-01-18 19:47:12.835,0.39,120.83,0.38,116.0,0.62,116.0,0.61,120.83,0.010000000000000009,0.385,0.615,0.042235885885075916,0.0420434097699597,0,0,-0.02039437571253641,0.02039437571253641,1.01,,,,,
113,2026-01-18 19:47:14.000,0.39,80.5,0.38,121.88,0.62,121.88,0.61,80.5,0.010000000000000009,0.385,0.615,0.041967501551089005,0.041773112618682176,0,0,0.2044668445498567,-0.2044668445498567,1.01,2026-01-18 19:47:16,,0.38,,27.6157
114,2026-01-18 19:47:15.269,0.39,201.21,0.38,19.6,0.62,19.6,0.61,201.21,0.010000000000000009,0.385,0.615,0.042076319547539404,0.041883278758330506,0,0,-0.8224718083420135,0.8224718083420135,1.01,2026-01-18 19:47:16,,0.38,,27.6157
115,2026-01-18 19:47:16.340,0.39,1068.99,0.38,13.45,0.62,13.45,0.61,1068.99,0.010000000000000009,0.385,0.615,0.04217087583109417,0.04197927925781536,0,0,-0.9751487380362883,0.9751487380362883,1.01,2026-01-18 19:47:16,,0.38,,27.6157
116,2026-01-18 19:47:18.195,0.39,1087.09,0.38,3.05,0.62,3.05,0.61,1111.09,0.010000000000000009,0.385,0.615,0.04211389923142426,0.041923726814973104,0,0,-0.9944043884271746,0.994524925054302,1.01,,,,,
117,2026-01-18 19:47:19.424,0.38,51.0,0.37,33.93,0.63,33.93,0.62,51.0,0.010000000000000009,0.375,0.625,0.04183798114950873,0.04164824451506256,0,0,-0.20098904980572235,0.20098904980572235,1.01,,,,,
118,2026-01-18 19:47:20.476,0.38,147.32,0.37,20.05,0.63,20.05,0.62,147.32,0.010000000000000009,0.375,0.625,0.04135923304646825,0.0411693484796309,0,0,-0.7604110653044153,0.7604110653044153,1.01,,,,,
119,2026-01-18 19:47:21.553,0.37,504.0,0.36,67.15,0.64,67.15,0.63,504.0,0.010000000000000009,0.365,0.635,0.04083339098347113,0.04064278728374925,0,0,-0.7648603694300973,0.7648603694300973,1.01,,,,,
120,2026-01-18 19:47:22.700,0.37,1388.0,0.36,92.62,0.64,92.62,0.63,1388.0,0.010000000000000009,0.365,0.635,0.04004332046826631,0.03985106453575323,0,0,-0.8748902486796073,0.8748902486796073,1.01,,,,,
121,2026-01-18 19:47:24.890,0.37,1356.0,0.36,122.41,0.64,123.54,0.63,1346.0,0.010000000000000009,0.365,0.635,0.03921141811685016,0.03901723507334115,0,0,-0.834403176385441,0.8318657539093867,1.01,,,,,
122,2026-01-18 19:47:26.093,0.36,210.0,0.35,15.28,0.65,15.28,0.64,210.0,0.010000000000000009,0.355,0.645,0.038373995873794746,0.038177403320469386,0,0,-0.8643465909090909,0.8643465909090909,1.01,,,,,
123,2026-01-18 19:47:27.187,0.35,247.0,0.34,90.5,0.66,90.5,0.65,247.0,0.010000000000000009,0.345,0.655,0.03758709283813502,0.03738787380080118,0,0,-0.46370370370370373,0.46370370370370373,1.01,,,,,
124,2026-01-18 19:47:28.331,0.35,258.0,0.34,27.5,0.66,27.5,0.65,258.0,0.010000000000000009,0.345,0.655,0.03677106990448995,0.03656895043056641,0,0,-0.8073555166374781,0.8073555166374781,1.01,,,,,
125,2026-01-18 19:47:29.738,0.35,268.65,0.34,27.5,0.66,27.5,0.65,268.65,0.010000000000000009,0.345,0.655,0.03592394272650111,0.03571861152172004,0,0,-0.8142833023805504,0.8142833023805504,1.01,,,,,
126,2026-01-18 19:47:30.853,0.37,565.75,0.35,10.0,0.65,30.0,0.64,29.0,0.020000000000000018,0.36,0.645,0.035202802276744626,0.035028640420626055,0,0,-0.9652627008250109,-0.01694915254237288,1.02,,,,,
127,2026-01-18 19:47:32.013,0.36,180.2,0.35,31.3,0.65,31.3,0.64,168.2,0.010000000000000009,0.355,0.645,0.03474117373581895,0.03456713765485539,0,0,-0.7040189125295507,0.6862155388471177,1.01,,,,,
128,2026-01-18 19:47:33.229,0.36,159.2,0.35,25.38,0.65,25.38,0.64,159.2,0.010000000000000009,0.355,0.645,0.03426590933235049,0.03409193287283157,0,0,-0.7249972911474699,0.7249972911474699,1.01,,,,,
129,2026-01-18 19:47:34.286,0.35,70.0,0.34,202.0,0.66,202.0,0.65,70.0,0.010000000000000009,0.345,0.655,0.03410435961329214,0.033930387360604684,0,0,0.4852941176470588,-0.4852941176470588,1.01,,,,,
130,2026-01-18 19:47:35.456,0.33,52.0,0.31,90.5,0.69,90.5,0.67,52.0,0.020000000000000018,0.32,0.6799999999999999,0.03279193093526607,0.03282497240759427,0,0,0.27017543859649124,-0.27017543859649124,1.02,,,,,
131,2026-01-18 19:47:36.710,0.31,45.9,0.3,546.41,0.7,546.41,0.69,45.9,0.010000000000000009,0.305,0.695,0.03274149736523204,0.032768986819478305,0,0,0.8450135908561396,-0.8450135908561396,1.01,2026-01-18 19:47:38,0.69,,27.6798,
132,2026-01-18 19:47:38.007,0.31,89.13,0.3,591.98,0.7,591.98,0.69,89.13,0.010000000000000009,0.305,0.695,0.03254462386282661,0.032566641800960854,0,0,0.7382801603265259,-0.7382801603265259,1.01,2026-01-18 19:47:38,0.69,,27.6798,
133,2026-01-18 19:47:39.243,0.31,138.98,0.3,155.96,0.7,155.96,0.69,138.98,0.010000000000000009,0.305,0.695,0.03219862438722126,0.032215179599222606,0,0,0.05757103139621624,-0.05757103139621624,1.01,2026-01-18 19:47:38,0.69,,27.6798,
134,2026-01-18 19:47:40.296,0.31,151.75,0.3,155.0,0.7,155.0,0.69,151.75,0.010000000000000009,0.305,0.695,0.03169861605633574,0.03170964226271523,0,0,0.010594947025264874,-0.010594947025264874,1.01,,,,,
135,2026-01-18 19:47:41.570,0.31,473.93,0.3,146.64,0.7,146.64,0.69,409.41,0.010000000000000009,0.305,0.695,0.031037156518369118,0.03104250321172107,0,0,-0.5274022269848688,0.4725654167790667,1.01,,,,,
136,2026-01-18 19:47:42.689,0.31,449.96,0.3,48.84,0.7,48.84,0.69,449.96,0.010000000000000009,0.305,0.695,0.029735652667261258,0.029734583908741386,0,0,-0.8041700080192463,0.8041700080192463,1.01,,,,,
137,2026-01-18 19:47:43.800,0.3,113.5,0.29,54.84,0.71,59.84,0.7,113.5,0.010000000000000009,0.295,0.705,0.02900857071868969,0.029000657502774165,0,0,-0.3484614470714031,0.30956501673012576,1.01,,,,,
138,2026-01-18 19:47:45.059,0.3,19.49,0.29,477.56,0.71,477.56,0.7,15.0,0.010000000000000009,0.295,0.705,0.027532210206774783,0.027516173980196873,0,0,0.9215773061060255,-0.9390937144713335,1.01,,,,,
139,2026-01-18 19:47:46.139,0.31,78.27,0.3,87.0,0.7,87.0,0.69,78.27,0.010000000000000009,0.305,0.695,0.02539518171301918,0.025370002082177767,0,0,0.05282265383917229,-0.05282265383917229,1.01,2026-01-18 19:47:48,,0.3,,55.3828
140,2026-01-18 19:47:47.257,0.32,620.0,0.3,5.0,0.69,14.0,0.68,620.0,0.010000000000000009,0.31,0.685,0.025908765395011798,0.025761153034165683,0,0,-0.984,0.9558359621451105,1.01,2026-01-18 19:47:48,,0.3,,55.3828
141,2026-01-18 19:47:48.726,0.27,30.0,0.26,31.25,0.74,31.25,0.73,30.0,0.010000000000000009,0.265,0.735,0.027945037864402916,0.02780823659635496,0,0,0.02040816326530612,-0.02040816326530612,1.01,2026-01-18 19:47:48,,0.3,,55.3828
142,2026-01-18 19:47:49.959,0.26,66.0,0.25,18.64,0.75,13.64,0.74,66.0,0.010000000000000009,0.255,0.745,0.030301101954565795,0.030174984026788365,0,0,-0.5595463137996219,0.6574585635359116,1.01,2026-01-18 19:47:48,,0.3,,55.3828
143,2026-01-18 19:47:51.249,0.21,132.0,0.19,36.14,0.81,36.14,0.79,132.0,0.020000000000000018,0.2,0.8,0.03567706696667491,0.03557001530363105,0,0,-0.5701201379802546,0.5701201379802546,1.02,,,,,
144,2026-01-18 19:47:52.335,0.21,800.05,0.2,5.5,0.8,5.5,0.79,800.05,0.010000000000000009,0.20500000000000002,0.795,0.03983723948414958,0.03974139568602777,0,0,-0.9863447334119546,0.9863447334119546,1.01,,,,,
145,2026-01-18 19:47:53.578,0.22,34.0,0.2,64.75,0.8,63.3,0.78,34.0,0.020000000000000018,0.21000000000000002,0.79,0.04334617910425121,0.04325811050304629,0,0,0.31139240506329113,-0.3011305241521069,1.02,,,,,
146,2026-01-18 19:47:54.836,0.21,401.0,0.2,20.36,0.8,20.36,0.79,401.0,0.010000000000000009,0.20500000000000002,0.795,0.0467420950143193,0.04666043642834464,0,0,-0.9033605468008353,0.9033605468008353,1.01,2026-01-18 19:47:56,0.75,,27.754,
147,2026-01-18 19:47:55.906,0.23,422.99,0.22,21.55,0.78,21.55,0.77,422.99,0.010000000000000009,0.225,0.775,0.048945014115634185,0.04886703682581507,0,0,-0.9030458451432941,0.9030458451432941,1.01,2026-01-18 19:47:56,0.75,,27.754,
148,2026-01-18 19:47:57.158,0.22,12.22,0.21,33.83,0.79,33.83,0.78,12.22,0.010000000000000009,0.215,0.785,0.051338785571483574,0.05126444952704267,0,0,0.4692725298588491,-0.4692725298588491,1.01,2026-01-18 19:47:56,0.75,,27.754,
149,2026-01-18 19:47:58.393,0.22,21.0,0.21,42.26,0.79,42.26,0.78,21.0,0.010000000000000009,0.215,0.785,0.05343371996575287,0.05336230233727207,0,0,0.3360733480872589,-0.3360733480872589,1.01,2026-01-18 19:48:00,,0.22,,27.794
150,2026-01-18 19:47:59.432,0.22,40.0,0.21,67.36,0.79,67.36,0.78,40.0,0.010000000000000009,0.215,0.785,0.055490303016054295,0.05542153561720803,0,0,0.2548435171385991,-0.2548435171385991,1.01,2026-01-18 19:48:00,,0.22,,27.794
151,2026-01-18 19:48:00.527,0.22,53.35,0.21,96.34,0.79,96.34,0.78,53.35,0.010000000000000009,0.215,0.785,0.05732372883026377,0.05725716346765309,0,0,0.2871935333021578,-0.2871935333021578,1.01,2026-01-18 19:48:00,,0.22,,27.794
152,2026-01-18 19:48:01.639,0.22,746.01,0.21,66.93,0.79,66.93,0.78,746.01,0.010000000000000009,0.215,0.785,0.05900654708479407,0.05894188222500154,0,0,-0.8353384013580336,0.8353384013580336,1.01,2026-01-18 19:48:00,,0.22,,27.794
153,2026-01-18 19:48:02.744,0.21,25.79,0.2,254.55,0.8,254.55,0.79,18.79,0.010000000000000009,0.20500000000000002,0.795,0.06086586855374875,0.0608031811351853,0,0,0.8160091317685667,-0.8625155484012584,1.01,,,,,
154,2026-01-18 19:48:03.906,0.22,336.59,0.21,17.46,0.79,17.46,0.78,336.59,0.010000000000000009,0.215,0.785,0.06216088793365587,0.062099507808487955,0,0,-0.9013698630136987,0.9013698630136987,1.01,,,,,
155,2026-01-18 19:48:05.124,0.22,153.28,0.2,308.75,0.8,308.75,0.78,153.28,0.020000000000000018,0.21000000000000002,0.79,0.06346959768667541,0.06340948439992525,0,0,0.33649330130078137,-0.33649330130078137,1.02,,,,,
156,2026-01-18 19:48:06.232,0.21,17.0,0.2,1583.7,0.8,1583.7,0.79,17.0,0.010000000000000009,0.20500000000000002,0.795,0.06478757117326618,0.06472868189517658,0,0,0.9787592928093959,-0.9787592928093959,1.01,,,,,
157,2026-01-18 19:48:07.461,0.23,138.86,0.22,124.55,0.78,124.55,0.77,138.86,0.010000000000000009,0.225,0.775,0.0654676786601793,0.06540940169813837,0,0,-0.054325955734406496,0.054325955734406496,1.01,,,,,
158,2026-01-18 19:48:08.691,0.23,103.86,0.22,51.55,0.78,51.55,0.77,103.86,0.010000000000000009,0.225,0.775,0.06605702894807093,0.06599927238085442,0,0,-0.33659352680007726,0.33659352680007726,1.01,,,,,
159,2026-01-18 19:48:09.944,0.23,102.36,0.22,492.0,0.78,492.0,0.77,102.36,0.010000000000000009,0.225,0.775,0.0665580329593084,0.0665007115207673,0,0,0.6555622854835453,-0.6555622854835453,1.01,,,,,
160,2026-01-18 19:48:11.236,0.23,114.5,0.22,5.0,0.79,225.66,0.78,5.0,0.020000000000000018,0.225,0.785,0.06697267340528373,0.06713171133426152,0,0,-0.9163179916317992,-0.9566461458423654,1.02,,,,,
161,2026-01-18 19:48:12.490,0.22,194.0,0.21,117.26,0.79,117.26,0.78,194.0,0.010000000000000009,0.215,0.785,0.06751145539957971,0.06766296502635796,0,0,-0.24654629570134293,0.24654629570134293,1.01,,,,,
162,2026-01-18 19:48:13.706,0.21,224.85,0.2,764.29,0.8,764.29,0.79,224.85,0.010000000000000009,0.20500000000000002,0.795,0.0680040294585462,0.06814739757767803,0,0,0.5453626382514103,-0.5453626382514103,1.01,,,,,
163,2026-01-18 19:48:14.832,0.21,137.32,0.2,748.69,0.8,748.69,0.79,125.32,0.010000000000000009,0.20500000000000002,0.795,0.06855345557436465,0.0686890973182457,0,0,0.6900260719404975,-0.713229825745701,1.01,2026-01-18 19:48:16,0.8,,27.8208,
164,2026-01-18 19:48:15.932,0.21,1276.23,0.2,145.79,0.8,145.79,0.79,1276.23,0.010000000000000009,0.20500000000000002,0.795,0.0689937768421022,0.06912201608275456,0,0,-0.794953657473172,0.794953657473172,1.01,2026-01-18 19:48:16,0.8,,27.8208,
165,2026-01-18 19:48:17.056,0.2,10.0,0.19,138.5,0.81,138.5,0.8,10.0,0.010000000000000009,0.195,0.805,0.06955183410319664,0.06967215397522865,0,0,0.8653198653198653,-0.8653198653198653,1.01,2026-01-18 19:48:16,0.8,,27.8208,
166,2026-01-18 19:48:18.157,0.2,406.0,0.19,150.97,0.81,138.97,0.8,406.0,0.010000000000000009,0.195,0.805,0.06998890146075702,0.07010162115197864,0,0,-0.457888216600535,0.4899902746940198,1.01,,,,,
167,2026-01-18 19:48:19.391,0.21,10.5,0.2,148.0,0.8,158.0,0.79,10.5,0.010000000000000009,0.20500000000000002,0.795,0.07009859883993384,0.07020470472106338,0,0,0.8675078864353313,-0.8753709198813057,1.01,,,,,
168,2026-01-18 19:48:20.298,0.22,73.5,0.21,135.55,0.79,135.55,0.78,73.5,0.010000000000000009,0.215,0.785,0.06992611112416514,0.07002642761823354,0,0,0.296818942836642,-0.296818942836642,1.01,,,,,
169,2026-01-18 19:48:21.524,0.22,521.5,0.21,143.05,0.79,143.05,0.78,521.5,0.010000000000000009,0.215,0.785,0.0696620169832128,0.06975663911460271,0,0,-0.5694831088706643,0.5694831088706643,1.01,,,,,
170,2026-01-18 19:48:22.643,0.22,534.0,0.21,82.94,0.79,82.94,0.78,534.0,0.010000000000000009,0.215,0.785,0.06930526920071074,0.06939427189438162,0,0,-0.7311245826174344,0.7311245826174344,1.01,,,,,
171,2026-01-18 19:48:23.912,0.22,586.0,0.21,64.73,0.79,64.73,0.78,586.0,0.010000000000000009,0.215,0.785,0.06885442762371759,0.06893786607178252,0,0,-0.8010542006669432,0.8010542006669432,1.01,,,,,
172,2026-01-18 19:48:25.202,0.22,121.0,0.21,0.06,0.79,0.06,0.78,121.0,0.010000000000000009,0.215,0.785,0.06780372137846338,0.06788137709219043,0,0,-0.9990087559887658,0.9990087559887658,1.01,,,,,
173,2026-01-18 19:48:26.816,0.21,10.49,0.2,152.25,0.8,152.25,0.79,10.49,0.010000000000000009,0.20500000000000002,0.795,0.06676842516392001,0.06683967663657049,0,0,0.8710827086149685,-0.8710827086149685,1.01,2026-01-18 19:48:28,0.79,,0.0596,
174,2026-01-18 19:48:28.035,0.22,80.87,0.21,77.0,0.79,77.0,0.78,80.87,0.010000000000000009,0.215,0.785,0.06542796962339177,0.06549334722758793,0,0,-0.024513840501678624,0.024513840501678624,1.01,2026-01-18 19:48:28,0.79,,0.0596,
175,2026-01-18 19:48:29.211,0.23,247.38,0.22,35.01,0.78,35.01,0.77,247.38,0.010000000000000009,0.225,0.775,0.06381226880246026,0.06387222414280802,0,0,-0.7520450440879635,0.7520450440879635,1.01,2026-01-18 19:48:28,0.79,,0.0596,
176,2026-01-18 19:48:30.469,0.23,11.18,0.22,118.5,0.78,170.5,0.77,56.5,0.010000000000000009,0.225,0.775,0.06203812387201316,0.062092513445572935,0,0,0.8275755706354101,-0.5022026431718062,1.01,2026-01-18 19:48:32,,0.23,,13.8903
177,2026-01-18 19:48:31.600,0.23,79.02,0.22,110.95,0.78,110.95,0.77,79.02,0.010000000000000009,0.225,0.775,0.06042925545838011,0.060478085866340486,0,0,0.1680791703953256,-0.1680791703953256,1.01,2026-01-18 19:48:32,,0.23,,13.8903
178,2026-01-18 19:48:32.861,0.22,13.0,0.21,1290.0,0.79,1290.0,0.78,13.0,0.010000000000000009,0.215,0.785,0.058776124135243094,0.05881864303400359,0,0,0.9800460475825019,-0.9800460475825019,1.01,2026-01-18 19:48:32,,0.23,,13.8903
179,2026-01-18 19:48:34.078,0.23,156.52,0.21,1291.5,0.79,1291.5,0.77,156.52,0.020000000000000018,0.22,0.78,0.05723495780971756,0.05727146921845672,0,0,0.7838151406748526,-0.7838151406748526,1.02,2026-01-18 19:48:34,,0.23,,27.7806
180,2026-01-18 19:48:35.181,0.24,353.19,0.23,21.86,0.77,21.86,0.76,353.19,0.010000000000000009,0.235,0.765,0.05542918065240124,0.05546025960523612,0,0,-0.8834288761498467,0.8834288761498467,1.01,2026-01-18 19:48:34,,0.23,,27.7806
181,2026-01-18 19:48:36.336,0.23,63.05,0.22,19.0,0.78,19.0,0.77,63.05,0.010000000000000009,0.225,0.775,0.05353829349219508,0.053563086517564466,0,0,-0.5368677635588056,0.5368677635588056,1.01,,,,,
182,2026-01-18 19:48:37.684,0.23,291.2,0.21,915.5,0.79,885.5,0.77,291.2,0.020000000000000018,0.22,0.78,0.05187964123951864,0.05189787886328724,0,0,0.5173613988563851,-0.5050565139797739,1.02,,,,,
183,2026-01-18 19:48:38.831,0.22,155.5,0.21,872.16,0.79,872.16,0.78,155.5,0.010000000000000009,0.215,0.785,0.050462269845559085,0.05047374436334658,0,0,0.6973707257264077,-0.6973707257264077,1.01,,,,,
184,2026-01-18 19:48:40.512,0.22,173.5,0.21,794.98,0.79,794.98,0.78,173.5,0.010000000000000009,0.215,0.785,0.04890640201642327,0.048910733862881424,0,0,0.6417065917726748,-0.6417065917726748,1.01,,,,,
185,2026-01-18 19:48:41.549,0.22,677.4,0.21,36.54,0.79,36.54,0.78,677.4,0.010000000000000009,0.215,0.785,0.04719834335884182,0.04719505144987024,0,0,-0.8976384570131944,0.8976384570131944,1.01,,,,,
186,2026-01-18 19:48:42.722,0.23,70.3,0.22,127.86,0.78,127.86,0.77,41.3,0.010000000000000009,0.225,0.775,0.044608387015115374,0.04482042008389863,0,0,0.2904723455793298,-0.5117048947741784,1.01,,,,,
187,2026-01-18 19:48:43.939,0.23,104.3,0.22,38.77,0.78,38.77,0.77,104.3,0.010000000000000009,0.225,0.775,0.04197885868233085,0.04219975366088668,0,0,-0.45802753896693926,0.45802753896693926,1.01,,,,,
188,2026-01-18 19:48:45.031,0.24,941.98,0.23,5.5,0.77,5.5,0.76,941.98,0.010000000000000009,0.235,0.765,0.03902872692547947,0.03926190488426683,0,0,-0.9883902562587074,0.9883902562587074,1.01,,,,,
189,2026-01-18 19:48:46.236,0.23,95.33,0.22,17.3,0.78,17.3,0.77,95.33,0.010000000000000009,0.225,0.775,0.03628775065304467,0.036533785926512845,0,0,-0.6927994317677351,0.6927994317677351,1.01,,,,,
190,2026-01-18 19:48:47.354,0.22,64.55,0.21,181.62,0.79,181.62,0.78,64.55,0.010000000000000009,0.215,0.785,0.03452216188214269,0.03477642473737201,0,0,0.4755656660031685,-0.4755656660031685,1.01,,,,,
191,2026-01-18 19:48:48.486,0.22,429.55,0.2,542.65,0.8,537.65,0.79,20.0,0.020000000000000018,0.21000000000000002,0.795,0.03324908137722446,0.03356532967113805,0,0,0.11633408763628879,-0.9282704205146597,1.02,,,,,
192,2026-01-18 19:48:49.723,0.22,466.29,0.21,11.55,0.79,11.55,0.78,466.29,0.010000000000000009,0.215,0.785,0.03180304412818252,0.0321256141535962,0,0,-0.9516574585635359,0.9516574585635359,1.01,,,,,
193,2026-01-18 19:48:50.892,0.22,1390.79,0.21,5.0,0.79,5.0,0.78,1390.79,0.010000000000000009,0.215,0.785,0.03021240718682499,0.030543453347204538,0,0,-0.9928355984782811,0.9928355984782811,1.01,,,,,
194,2026-01-18 19:48:51.998,0.21,24.21,0.2,454.9,0.8,454.9,0.79,24.21,0.010000000000000009,0.20500000000000002,0.795,0.028544122847837826,0.028884510931490467,0,0,0.8989376134916826,-0.8989376134916826,1.01,,,,,
195,2026-01-18 19:48:53.027,0.21,33.85,0.2,500.8,0.8,500.8,0.79,33.85,0.010000000000000009,0.20500000000000002,0.795,0.02666635769594858,0.02701994973377634,0,0,0.8733751052090153,-0.8733751052090153,1.01,,,,,
196,2026-01-18 19:48:54.295,0.21,37.5,0.2,523.13,0.8,523.13,0.79,37.5,0.010000000000000009,0.20500000000000002,0.795,0.0245310537659916,0.02490362780733128,0,0,0.8662219289014145,-0.8662219289014145,1.01,,,,,
197,2026-01-18 19:48:55.161,0.22,691.87,0.21,30.05,0.79,30.05,0.78,691.87,0.010000000000000009,0.215,0.785,0.0225886514679641,0.022982890959062155,0,0,-0.9167497783687945,0.9167497783687945,1.01,,,,,
198,2026-01-18 19:48:56.528,0.23,140.0,0.22,36.55,0.78,36.55,0.77,140.0,0.010000000000000009,0.225,0.775,0.02037969383734379,0.02080631015756674,0,0,-0.5859529878221467,0.5859529878221467,1.01,,,,,
199,2026-01-18 19:48:57.770,0.23,48.5,0.22,48.26,0.78,48.26,0.77,48.5,0.010000000000000009,0.225,0.775,0.017026690579508064,0.017522181261423377,0,0,-0.002480363786688735,0.002480363786688735,1.01,,,,,
200,2026-01-18 19:48:59.148,0.23,42.5,0.22,39.06,0.78,39.06,0.77,42.5,0.010000000000000009,0.225,0.775,0.012061518394821334,0.012076439685611484,0,0,-0.04217753800882783,0.04217753800882783,1.01,,,,,
201,2026-01-18 19:49:00.375,0.22,31.0,0.21,127.77,0.79,127.77,0.78,31.0,0.010000000000000009,0.215,0.785,0.01025797195845639,0.010254873445270686,0,0,0.6094980159979846,-0.6094980159979846,1.01,,,,,
202,2026-01-18 19:49:01.459,0.23,20.0,0.22,107.5,0.78,107.5,0.77,20.0,0.010000000000000009,0.225,0.775,0.008966352671287321,0.00894861350242631,0,0,0.6862745098039216,-0.6862745098039216,1.01,,,,,
203,2026-01-18 19:49:02.557,0.23,116.7,0.22,31.3,0.78,31.3,0.77,116.7,0.010000000000000009,0.225,0.775,0.008821439599639174,0.008815433307941616,0,0,-0.577027027027027,0.577027027027027,1.01,,,,,
204,2026-01-18 19:49:03.644,0.21,25.0,0.2,165.3,0.8,165.3,0.79,50.0,0.010000000000000009,0.20500000000000002,0.795,0.008821439599639175,0.008815433307941616,0,0,0.7372569626904887,-0.5355318160705992,1.01,,,,,
205,2026-01-18 19:49:04.839,0.21,733.85,0.2,54.8,0.8,54.8,0.79,733.85,0.010000000000000009,0.20500000000000002,0.795,0.008899946041855268,0.008891610341398442,0,0,-0.8610283395676157,0.8610283395676157,1.01,,,,,
206,2026-01-18 19:49:05.961,0.19,143.05,0.18,48.0,0.82,53.0,0.81,143.05,0.010000000000000009,0.185,0.815,0.009649214715855428,0.009632733154332994,0,0,-0.49751373985867575,0.45932160163223673,1.01,,,,,
207,2026-01-18 19:49:07.153,0.19,151.05,0.18,17.97,0.82,17.97,0.81,151.05,0.010000000000000009,0.185,0.815,0.010327955589882207,0.010296110285230899,0,0,-0.787362442314519,0.787362442314519,1.01,,,,,
208,2026-01-18 19:49:08.326,0.19,1363.2,0.18,35.35,0.82,35.35,0.81,1363.2,0.010000000000000009,0.185,0.815,0.01101488463923847,0.010973452814253808,0,0,-0.949447642200851,0.949447642200851,1.01,,,,,
209,2026-01-18 19:49:09.447,0.18,125.55,0.17,567.25,0.83,567.25,0.82,125.55,0.010000000000000009,0.175,0.825,0.012118762592755636,0.012067079463550807,0,0,0.6375577367205543,-0.6375577367205543,1.01,,,,,
210,2026-01-18 19:49:10.702,0.18,96.34,0.17,555.65,0.83,555.65,0.82,96.34,0.010000000000000009,0.175,0.825,0.013095692999652792,0.013034883662326436,0,0,0.7044739949999232,-0.7044739949999232,1.01,,,,,
211,2026-01-18 19:49:11.891,0.18,116.23,0.17,573.65,0.83,609.65,0.82,116.23,0.010000000000000009,0.175,0.825,0.013972329394216165,0.013903165919993177,0,0,0.6630428480315417,-0.6797542293492037,1.01,,,,,
212,2026-01-18 19:49:13.004,0.18,41.31,0.17,531.99,0.83,531.99,0.82,41.31,0.010000000000000009,0.175,0.825,0.014766544872025384,0.014689584687971095,0,0,0.8558869701726846,-0.8558869701726846,1.01,,,,,
213,2026-01-18 19:49:14.076,0.18,14.75,0.17,402.12,0.83,402.12,0.82,14.75,0.010000000000000009,0.175,0.825,0.01548098888795753,0.015399345132454986,0,0,0.9292345335476287,-0.9292345335476287,1.01,,,,,
214,2026-01-18 19:49:15.181,0.19,51.57,0.18,117.0,0.82,117.0,0.81,51.57,0.010000000000000009,0.185,0.815,0.015830136459894936,0.015742229721680483,0,0,0.38814735718099314,-0.38814735718099314,1.01,,,,,
215,2026-01-18 19:49:16.304,0.19,21.57,0.18,133.02,0.82,133.02,0.81,21.57,0.010000000000000009,0.185,0.815,0.01616890892481991,0.01607626597452303,0,0,0.7209392586842617,-0.7209392586842617,1.01,,,,,
216,2026-01-18 19:49:17.528,0.19,5.5,0.18,20.0,0.82,20.0,0.81,5.5,0.010000000000000009,0.185,0.815,0.016478671371485124,0.016382607561327527,0,0,0.5686274509803921,-0.5686274509803921,1.01,,,,,
217,2026-01-18 19:49:18.753,0.19,5.1,0.18,1415.8,0.82,1379.8,0.81,5.1,0.010000000000000009,0.185,0.815,0.016659391067334217,0.016554139905854085,0,0,0.992821451192906,-0.9926348472813923,1.01,,,,,
218,2026-01-18 19:49:19.866,0.22,66.69,0.21,230.55,0.79,230.55,0.78,66.69,0.010000000000000009,0.215,0.785,0.016547099358348367,0.01643855190400167,0,0,0.5512716996366572,-0.5512716996366572,1.01,,,,,
219,2026-01-18 19:49:21.104,0.23,85.0,0.22,172.55,0.78,172.55,0.77,85.0,0.010000000000000009,0.225,0.775,0.016547099358348367,0.01643855190400167,0,0,0.33993399339933994,-0.33993399339933994,1.01,,,,,
220,2026-01-18 19:49:22.190,0.24,45.5,0.23,213.51,0.77,213.51,0.76,45.5,0.010000000000000009,0.235,0.765,0.016760821615984394,0.016768614751313176,0,0,0.6486622138141385,-0.6486622138141385,1.01,2026-01-18 19:49:24,0.78,,27.794,
221,2026-01-18 19:49:23.072,0.25,53.0,0.24,125.05,0.76,140.05,0.75,53.0,0.010000000000000009,0.245,0.755,0.017376480955457928,0.01738643539064899,0,0,0.4046616119067677,-0.45091945091945096,1.01,2026-01-18 19:49:24,0.78,,27.794,
222,2026-01-18 19:49:24.198,0.25,59.0,0.24,109.85,0.76,109.85,0.75,59.0,0.010000000000000009,0.245,0.755,0.017955335357395085,0.01796811362788603,0,0,0.30115487118744444,-0.30115487118744444,1.01,2026-01-18 19:49:24,0.78,,27.794,
223,2026-01-18 19:49:25.476,0.25,50.27,0.24,275.05,0.76,275.05,0.75,50.27,0.010000000000000009,0.245,0.755,0.01849167624623015,0.018507137117711524,0,0,0.6909504487888848,-0.6909504487888848,1.01,2026-01-18 19:49:24,0.78,,27.794,
224,2026-01-18 19:49:26.795,0.25,391.77,0.24,133.72,0.76,133.72,0.75,391.77,0.010000000000000009,0.245,0.755,0.01898910630314135,0.019007135145535946,0,0,-0.4910654817408513,0.4910654817408513,1.01,,,,,
225,2026-01-18 19:49:28.540,0.25,372.27,0.24,93.14,0.76,93.14,0.75,372.27,0.010000000000000009,0.245,0.755,0.01934284054181032,0.019364187341905637,0,0,-0.599750757396704,0.599750757396704,1.01,,,,,
226,2026-01-18 19:49:29.601,0.25,396.27,0.24,100.14,0.76,100.14,0.75,401.27,0.010000000000000009,0.245,0.755,0.019654321989864422,0.01967891986379431,0,0,-0.5965431800326343,0.6005664027442612,1.01,,,,,
227,2026-01-18 19:49:30.727,0.25,61.5,0.24,484.87,0.76,484.87,0.75,66.5,0.010000000000000009,0.245,0.755,0.020044265984813934,0.020071200944253957,0,0,0.774877830041913,-0.758782668625424,1.01,,,,,
228,2026-01-18 19:49:31.786,0.27,219.74,0.25,72.0,0.75,72.0,0.73,219.74,0.020000000000000018,0.26,0.74,0.020908733611647797,0.020937592229326885,0,0,-0.5064098169603072,0.5064098169603072,1.02,,,,,
229,2026-01-18 19:49:32.997,0.3,377.04,0.27,1689.59,0.73,1689.59,0.7,377.04,0.030000000000000027,0.28500000000000003,0.715,0.022795454993517778,0.022826259781076864,0,0,0.6351161068986707,-0.6351161068986707,1.03,,,,,
230,2026-01-18 19:49:34.450,0.33,81.0,0.3,44.94,0.7,44.94,0.67,81.0,0.030000000000000027,0.315,0.685,0.026143346692248475,0.026175607526445623,0,0,-0.2863268222963316,0.2863268222963316,1.03,2026-01-18 19:49:36,,0.3,,55.425399999999996
231,2026-01-18 19:49:35.559,0.33,61.14,0.32,297.93,0.68,297.93,0.67,61.14,0.010000000000000009,0.325,0.675,0.029594242836056155,0.02962799008724949,0,0,0.6594535884367951,-0.6594535884367951,1.01,2026-01-18 19:49:36,,0.3,,55.425399999999996
232,2026-01-18 19:49:36.888,0.34,129.5,0.33,20.0,0.67,20.0,0.66,129.5,0.010000000000000009,0.335,0.665,0.03313898143267825,0.033174231882847446,0,0,-0.7324414715719063,0.7324414715719063,1.01,2026-01-18 19:49:36,,0.3,,55.425399999999996
233,2026-01-18 19:49:38.124,0.34,105.55,0.33,784.27,0.67,784.27,0.66,105.55,0.010000000000000009,0.335,0.665,0.036164642344866584,0.03620201870327222,0,0,0.7627610078442832,-0.7627610078442832,1.01,,,,,
234,2026-01-18 19:49:39.359,0.34,34.72,0.33,759.05,0.67,759.05,0.66,34.72,0.010000000000000009,0.335,0.665,0.03890122214976898,0.038940324472922366,0,0,0.9125187396852992,-0.9125187396852992,1.01,,,,,
235,2026-01-18 19:49:40.622,0.35,85.9,0.34,332.77,0.66,321.77,0.65,85.9,0.010000000000000009,0.345,0.655,0.04184819215259594,0.041888589792474965,0,0,0.5896529486230205,-0.5785807147938283,1.01,,,,,
236,2026-01-18 19:49:41.852,0.35,52.75,0.34,361.25,0.66,361.25,0.65,52.75,0.010000000000000009,0.345,0.655,0.04450956857705059,0.04455135740162874,0,0,0.7451690821256038,-0.7451690821256038,1.01,,,,,
237,2026-01-18 19:49:42.923,0.35,69.14,0.34,343.25,0.66,343.25,0.65,69.14,0.010000000000000009,0.345,0.655,0.046933960094684174,0.04697720026388059,0,0,0.6646863405999176,-0.6646863405999176,1.01,,,,,
238,2026-01-18 19:49:44.045,0.35,30.0,0.34,940.25,0.66,940.25,0.65,30.0,0.010000000000000009,0.345,0.655,0.04910958574890745,0.049154647578139,0,0,0.9381602679721721,-0.9381602679721721,1.01,,,,,
239,2026-01-18 19:49:45.285,0.37,56.93,0.36,281.5,0.64,281.5,0.63,56.93,0.010000000000000009,0.365,0.635,0.05191332139107478,0.05195989326850611,0,0,0.6635641048370416,-0.6635641048370416,1.01,,,,,
240,2026-01-18 19:49:46.360,0.4,1197.63,0.39,205.43,0.61,205.43,0.6,1197.63,0.010000000000000009,0.395,0.605,0.055819207252566755,0.05586656823474708,0,0,-0.7071686171653385,0.7071686171653385,1.01,,,,,
241,2026-01-18 19:49:47.457,0.39,23.28,0.38,138.0,0.62,138.0,0.61,18.28,0.010000000000000009,0.385,0.615,0.05888866014595023,0.058937388975157406,0,0,0.7113095238095238,-0.7660609163040696,1.01,,,,,
242,2026-01-18 19:49:48.528,0.39,160.5,0.38,138.0,0.62,138.0,0.61,160.5,0.010000000000000009,0.385,0.615,0.06165903144059277,0.06170934925366414,0,0,-0.07537688442211055,0.07537688442211055,1.01,,,,,
243,2026-01-18 19:49:49.682,0.38,27.1,0.37,24.0,0.63,24.0,0.62,27.1,0.010000000000000009,0.375,0.625,0.06379898693916067,0.06385115769493152,0,0,-0.06066536203522507,0.06066536203522507,1.01,,,,,
244,2026-01-18 19:49:50.883,0.37,94.55,0.36,73.07,0.64,55.5,0.63,94.55,0.010000000000000009,0.365,0.635,0.06544804296297586,0.06550213478213447,0,0,-0.12814699916477748,0.2602465844718427,1.01,,,,,
245,2026-01-18 19:49:52.106,0.37,106.21,0.36,51.69,0.64,51.69,0.63,106.21,0.010000000000000009,0.365,0.635,0.06696170589596037,0.06701773734351248,0,0,-0.34528182393920204,0.34528182393920204,1.01,2026-01-18 19:49:54,0.62,,5.7294,
246,2026-01-18 19:49:53.222,0.36,53.63,0.35,85.19,0.65,85.19,0.64,53.63,0.010000000000000009,0.355,0.645,0.0681710212303816,0.06822875075346528,0,0,0.22734476300244919,-0.22734476300244919,1.01,2026-01-18 19:49:54,0.62,,5.7294,
247,2026-01-18 19:49:54.480,0.36,113.48,0.35,12.62,0.65,12.62,0.64,113.48,0.010000000000000009,0.355,0.645,0.06929039033004732,0.06934983574251695,0,0,-0.7998413957176843,0.7998413957176843,1.01,2026-01-18 19:49:54,0.62,,5.7294,
248,2026-01-18 19:49:55.543,0.35,92.65,0.34,79.5,0.66,85.0,0.65,92.65,0.010000000000000009,0.345,0.655,0.07017049454781307,0.0702314072546728,0,0,-0.0763868719140285,0.04306220095693783,1.01,2026-01-18 19:49:54,0.62,,5.7294,
249,2026-01-18 19:49:56.637,0.35,121.15,0.34,67.5,0.66,67.5,0.65,121.15,0.010000000000000009,0.345,0.655,0.07092010305230155,0.07098276030056144,0,0,-0.2843890803074477,0.2843890803074477,1.01,,,,,
250,2026-01-18 19:49:57.703,0.35,195.15,0.34,5.0,0.66,5.0,0.65,195.15,0.010000000000000009,0.345,0.655,0.07150540258518916,0.07157011299031378,0,0,-0.9500374718960779,0.9500374718960779,1.01,,,,,
251,2026-01-18 19:49:58.833,0.35,133.93,0.34,5.0,0.66,5.0,0.65,133.93,0.010000000000000009,0.345,0.655,0.07195862551015449,0.0719586255101547,0,0,-0.9280213056935147,0.9280213056935147,1.01,,,,,
252,2026-01-18 19:50:00.073,0.34,101.5,0.33,145.09,0.67,145.09,0.66,101.5,0.010000000000000009,0.335,0.665,0.07222898889059788,0.0722289888905981,0,0,0.1767711586033497,-0.1767711586033497,1.01,,,,,
253,2026-01-18 19:50:01.201,0.35,498.0,0.34,182.03,0.66,182.03,0.65,498.0,0.010000000000000009,0.345,0.655,0.07260930781876952,0.07260930781876972,0,0,-0.4646412658265077,0.4646412658265077,1.01,,,,,
254,2026-01-18 19:50:02.323,0.35,9.0,0.34,634.73,0.66,634.73,0.65,9.0,0.010000000000000009,0.345,0.655,0.07278067625515795,0.07278067625515815,0,0,0.972037966228077,-0.972037966228077,1.01,,,,,
255,2026-01-18 19:50:03.626,0.35,516.07,0.34,210.93,0.66,210.93,0.65,516.07,0.010000000000000009,0.345,0.655,0.07287570681693398,0.07287570681693416,0,0,-0.4197248968363137,0.4197248968363137,1.01,,,,,
256,2026-01-18 19:50:05.125,0.35,439.64,0.34,210.93,0.66,210.93,0.65,439.64,0.010000000000000009,0.345,0.655,0.07289469806268244,0.07289469806268262,0,0,-0.3515532533009515,0.3515532533009515,1.01,,,,,
257,2026-01-18 19:50:06.260,0.35,357.46,0.34,208.93,0.66,208.93,0.65,357.46,0.010000000000000009,0.345,0.655,0.07299538527322369,0.07299538527322386,0,0,-0.2622397994314871,0.2622397994314871,1.01,,,,,
258,2026-01-18 19:50:07.336,0.35,381.46,0.34,205.77,0.66,205.77,0.65,381.46,0.010000000000000009,0.345,0.655,0.07316932417345347,0.07316932417345363,0,0,-0.29918430597891793,0.29918430597891793,1.01,,,,,
259,2026-01-18 19:50:08.542,0.35,112.5,0.34,661.11,0.66,661.11,0.65,112.5,0.010000000000000009,0.345,0.655,0.07328736682125468,0.07328736682125485,0,0,0.7091557761662853,-0.7091557761662853,1.01,,,,,
260,2026-01-18 19:50:09.654,0.35,99.5,0.34,664.59,0.66,664.59,0.65,99.5,0.010000000000000009,0.345,0.655,0.07334978308056556,0.07334978308056574,0,0,0.7395594759779607,-0.7395594759779607,1.01,,,,,
261,2026-01-18 19:50:10.887,0.35,124.0,0.34,489.4,0.66,489.4,0.65,124.0,0.010000000000000009,0.345,0.655,0.07320444824556614,0.07320444824556632,0,0,0.5956961199869579,-0.5956961199869579,1.01,,,,,
262,2026-01-18 19:50:12.054,0.35,100.85,0.34,447.4,0.66,447.4,0.65,100.85,0.010000000000000009,0.345,0.655,0.07315117656448378,0.07315117656448396,0,0,0.6321021431828544,-0.6321021431828544,1.01,,,,,
263,2026-01-18 19:50:13.342,0.35,1142.99,0.34,149.12,0.66,149.12,0.65,1142.99,0.010000000000000009,0.345,0.655,0.07304219622504823,0.0730421962250484,0,0,-0.7691837382266214,0.7691837382266214,1.01,,,,,
264,2026-01-18 19:50:14.396,0.35,1249.99,0.34,110.51,0.66,110.51,0.65,1249.99,0.010000000000000009,0.345,0.655,0.07251782364193393,0.0725178236419341,0,0,-0.8375450202131569,0.8375450202131569,1.01,,,,,
265,2026-01-18 19:50:15.375,0.35,1237.99,0.34,110.8,0.66,110.8,0.65,1237.99,0.010000000000000009,0.345,0.655,0.07191268049390961,0.0719126804939098,0,0,-0.8357045944883934,0.8357045944883934,1.01,,,,,
266,2026-01-18 19:50:16.561,0.35,1265.99,0.34,105.57,0.66,105.57,0.65,1265.99,0.010000000000000009,0.345,0.655,0.07073718965296769,0.07073718965296787,0,0,-0.8460585027268221,0.8460585027268221,1.01,2026-01-18 19:50:18,0.66,,13.8238,
267,2026-01-18 19:50:17.806,0.35,1339.99,0.34,95.57,0.66,95.57,0.65,1339.99,0.010000000000000009,0.345,0.655,0.0694377642738053,0.06943776427380549,0,0,-0.8668533533951908,0.8668533533951908,1.01,2026-01-18 19:50:18,0.66,,13.8238,
268,2026-01-18 19:50:18.935,0.35,1174.85,0.34,95.57,0.66,95.57,0.65,1174.85,0.010000000000000009,0.345,0.655,0.0680073006217202,0.06800730062172042,0,0,-0.8495458194927663,0.8495458194927663,1.01,2026-01-18 19:50:18,0.66,,13.8238,
269,2026-01-18 19:50:20.041,0.35,1196.34,0.34,41.2,0.66,41.2,0.65,1196.34,0.010000000000000009,0.345,0.655,0.06611681794989173,0.06611681794989197,0,0,-0.9334162936147518,0.9334162936147518,1.01,,,,,
270,2026-01-18 19:50:21.210,0.35,1054.07,0.34,86.68,0.66,86.68,0.65,1054.07,0.010000000000000009,0.345,0.655,0.06404331823203266,0.06404331823203291,0,0,-0.8480298049528817,0.8480298049528817,1.01,,,,,
271,2026-01-18 19:50:22.136,0.35,1148.32,0.34,30.69,0.66,30.69,0.65,1148.32,0.010000000000000009,0.345,0.655,0.06176837314438409,0.06176837314438435,0,0,-0.9479393728636737,0.9479393728636737,1.01,,,,,
272,2026-01-18 19:50:23.220,0.35,1150.32,0.34,42.69,0.66,42.69,0.65,1150.32,0.010000000000000009,0.345,0.655,0.059268790674540626,0.059268790674540904,0,0,-0.928433122941132,0.928433122941132,1.01,,,,,
273,2026-01-18 19:50:24.400,0.35,1150.32,0.34,42.69,0.66,42.69,0.65,1150.32,0.010000000000000009,0.345,0.655,0.05651477233012036,0.056514772330120665,0,0,-0.928433122941132,0.928433122941132,1.01,,,,,
274,2026-01-18 19:50:25.583,0.35,1104.32,0.34,30.11,0.66,30.11,0.65,1104.32,0.010000000000000009,0.345,0.655,0.05390741959142139,0.05390741959142173,0,0,-0.946916072388777,0.946916072388777,1.01,,,,,
275,2026-01-18 19:50:26.530,0.33,462.5,0.32,301.53,0.68,301.53,0.67,462.5,0.010000000000000009,0.325,0.675,0.050938855004332935,0.05093885500433331,0,0,-0.21068544428883687,0.21068544428883687,1.01,,,,,
276,2026-01-18 19:50:27.599,0.33,487.5,0.32,307.38,0.68,307.38,0.67,487.5,0.010000000000000009,0.325,0.675,0.04767022723851506,0.04767022723851547,0,0,-0.22660024154589373,0.22660024154589373,1.01,,,,,
277,2026-01-18 19:50:28.725,0.33,480.5,0.32,246.36,0.68,246.36,0.67,480.5,0.010000000000000009,0.325,0.675,0.04403476733744812,0.04403476733744858,0,0,-0.3221253061112181,0.3221253061112181,1.01,,,,,
278,2026-01-18 19:50:29.792,0.33,526.0,0.32,125.07,0.68,125.07,0.67,526.0,0.010000000000000009,0.325,0.675,0.04153643489430362,0.04153643489430412,0,0,-0.6158016803108729,0.6158016803108729,1.01,,,,,
279,2026-01-18 19:50:30.920,0.33,1260.0,0.32,204.47,0.68,204.47,0.67,1260.0,0.010000000000000009,0.325,0.675,0.03926757046718564,0.03926757046718617,0,0,-0.7207590459347067,0.7207590459347067,1.01,,,,,
280,2026-01-18 19:50:32.088,0.33,1354.36,0.32,68.7,0.68,68.7,0.67,1368.36,0.010000000000000009,0.325,0.675,0.03724735989582279,0.03724735989582337,0,0,-0.9034475004567621,0.9043881257567533,1.01,,,,,
281,2026-01-18 19:50:33.123,0.33,1377.0,0.32,56.78,0.68,56.78,0.67,1377.0,0.010000000000000009,0.325,0.675,0.03549200196367822,0.03549200196367882,0,0,-0.9207967749585013,0.9207967749585013,1.01,,,,,
282,2026-01-18 19:50:34.461,0.32,62.05,0.31,564.34,0.69,564.34,0.68,62.05,0.010000000000000009,0.315,0.685,0.03366197455695898,0.03366197455695962,0,0,0.8018806175066652,-0.8018806175066652,1.01,,,,,
283,2026-01-18 19:50:35.567,0.32,43.05,0.31,572.63,0.69,572.63,0.68,43.05,0.010000000000000009,0.315,0.685,0.031682905440869026,0.03168290544086971,0,0,0.8601546257796259,-0.8601546257796259,1.01,,,,,
284,2026-01-18 19:50:36.831,0.35,220.4,0.34,125.0,0.66,125.0,0.65,220.4,0.010000000000000009,0.345,0.655,0.02941268318605591,0.029412683186056658,0,0,-0.2762015055008686,0.2762015055008686,1.01,,,,,
285,2026-01-18 19:50:38.145,0.35,117.19,0.34,129.46,0.66,129.46,0.65,117.19,0.010000000000000009,0.345,0.655,0.02684689273859117,0.02684689273859201,0,0,0.04974660450030412,-0.04974660450030412,1.01,,,,,
286,2026-01-18 19:50:39.303,0.35,122.69,0.34,145.76,0.66,145.76,0.65,127.69,0.010000000000000009,0.345,0.655,0.023890492873053473,0.023890492873054423,0,0,0.08593779102253676,-0.06608155055768877,1.01,,,,,
287,2026-01-18 19:50:40.402,0.35,108.94,0.34,275.26,0.66,275.26,0.65,108.94,0.010000000000000009,0.345,0.655,0.020374148625238155,0.020374148625239282,0,0,0.43289953149401356,-0.43289953149401356,1.01,,,,,
288,2026-01-18 19:50:41.779,0.35,74.86,0.34,274.2,0.66,286.2,0.65,74.86,0.010000000000000009,0.345,0.655,0.017319692590006694,0.017319692590008037,0,0,0.5710766057411333,-0.5853320777710075,1.01,,,,,
289,2026-01-18 19:50:42.910,0.32,195.59,0.31,105.0,0.69,105.0,0.68,195.59,0.010000000000000009,0.315,0.685,0.015994349284652105,0.01599434928465357,0,0,-0.3013739645364117,0.3013739645364117,1.01,,,,,
290,2026-01-18 19:50:44.014,0.32,249.59,0.31,5.0,0.69,5.0,0.68,249.59,0.010000000000000009,0.315,0.685,0.015994349284652105,0.01599434928465357,0,0,-0.9607211595113713,0.9607211595113713,1.01,,,,,
291,2026-01-18 19:50:45.246,0.31,89.16,0.3,240.62,0.7,240.62,0.69,89.16,0.010000000000000009,0.305,0.695,0.016587382039904806,0.016587382039906208,0,0,0.45927588089029053,-0.45927588089029053,1.01,,,,,
292,2026-01-18 19:50:46.499,0.3,10.0,0.26,880.69,0.74,880.69,0.7,10.0,0.040000000000000036,0.28,0.72,0.0184687474607312,0.01846874746073245,0,0,0.9775454984337986,-0.9775454984337986,1.04,,,,,
293,2026-01-18 19:50:47.576,0.28,443.0,0.27,106.5,0.73,106.5,0.72,443.0,0.010000000000000009,0.275,0.725,0.020400474958465486,0.020400474958466603,0,0,-0.6123748862602366,0.6123748862602366,1.01,,,,,
294,2026-01-18 19:50:48.695,0.28,129.5,0.27,161.46,0.73,161.46,0.72,129.5,0.010000000000000009,0.275,0.725,0.02211854936447245,0.022118549364473473,0,0,0.10984327742645038,-0.10984327742645038,1.01,,,,,
295,2026-01-18 19:50:49.782,0.28,80.46,0.27,196.37,0.73,196.37,0.72,80.46,0.010000000000000009,0.275,0.725,0.02366476677342463,0.023664766773425574,0,0,0.4187046201639996,-0.4187046201639996,1.01,,,,,
296,2026-01-18 19:50:50.888,0.28,109.92,0.27,179.99,0.73,179.99,0.72,109.92,0.010000000000000009,0.275,0.725,0.02506080176911024,0.02506080176911113,0,0,0.24169569866510296,-0.24169569866510296,1.01,,,,,
297,2026-01-18 19:50:52.001,0.28,119.92,0.27,178.14,0.73,178.14,0.72,119.92,0.010000000000000009,0.275,0.725,0.026330553024932358,0.0263305530249332,0,0,0.19532979936925446,-0.19532979936925446,1.01,,,,,
298,2026-01-18 19:50:53.001,0.29,556.61,0.28,129.74,0.72,129.74,0.71,556.61,0.010000000000000009,0.28500000000000003,0.715,0.027145116404846615,0.02714511640484743,0,0,-0.6219421577912144,0.6219421577912144,1.01,,,,,
299,2026-01-18 19:50:54.197,0.29,162.5,0.28,470.71,0.72,470.71,0.71,162.5,0.010000000000000009,0.28500000000000003,0.715,0.027652377019022515,0.02765237701902331,0,0,0.48674215505124674,-0.48674215505124674,1.01,,,,,
300,2026-01-18 19:50:55.322,0.28,118.5,0.27,207.39,0.73,207.39,0.72,118.5,0.010000000000000009,0.275,0.725,0.02754798074156721,0.027547980741568005,0,0,0.2727607474914848,-0.2727607474914848,1.01,,,,,
301,2026-01-18 19:50:56.462,0.28,100.5,0.27,160.44,0.73,160.44,0.72,100.5,0.010000000000000009,0.275,0.725,0.027660548299035845,0.027660548299036636,0,0,0.22970797884571165,-0.22970797884571165,1.01,,,,,
302,2026-01-18 19:50:57.760,0.28,88.5,0.27,163.4,0.73,163.4,0.72,88.5,0.010000000000000009,0.275,0.725,0.027649312166430847,0.02764931216643165,0,0,0.29734021437078206,-0.29734021437078206,1.01,,,,,
303,2026-01-18 19:50:59.000,0.28,116.5,0.27,135.6,0.73,135.6,0.72,111.0,0.010000000000000009,0.275,0.725,0.027837680231619,0.02783768023161979,0,0,0.07576358587861957,-0.09975669099756689,1.01,,,,,
304,2026-01-18 19:51:00.238,0.28,466.99,0.27,70.38,0.73,65.38,0.72,466.99,0.010000000000000009,0.275,0.725,0.028191611325932533,0.028191611325933313,0,0,-0.7380575767162291,0.7543813513158142,1.01,,,,,
305,2026-01-18 19:51:01.464,0.28,575.51,0.27,75.38,0.73,75.38,0.72,575.51,0.010000000000000009,0.275,0.725,0.028460871146902433,0.028460871146903197,0,0,-0.7683786814976417,0.7683786814976417,1.01,,,,,
306,2026-01-18 19:51:02.574,0.27,54.0,0.26,953.91,0.74,953.91,0.73,54.0,0.010000000000000009,0.265,0.735,0.029175462757573354,0.02917546275757409,0,0,0.8928475756763997,-0.8928475756763997,1.01,,,,,
307,2026-01-18 19:51:03.821,0.27,129.65,0.26,945.91,0.74,945.91,0.73,129.65,0.010000000000000009,0.265,0.735,0.029796271521955152,0.029796271521955856,0,0,0.7589162854698948,-0.7589162854698948,1.01,,,,,
308,2026-01-18 19:51:05.216,0.27,86.39,0.26,895.38,0.74,895.38,0.73,86.39,0.010000000000000009,0.265,0.735,0.030497175010412447,0.030497175010413123,0,0,0.824011733909164,-0.824011733909164,1.01,,,,,
309,2026-01-18 19:51:06.472,0.27,142.39,0.26,826.72,0.74,826.72,0.73,77.39,0.010000000000000009,0.265,0.735,0.031124295195431105,0.03112429519543175,0,0,0.7061427495330768,-0.8288040172102953,1.01,,,,,
310,2026-01-18 19:51:07.745,0.27,308.37,0.26,855.22,0.74,855.22,0.73,308.37,0.010000000000000009,0.265,0.735,0.031682013824880305,0.031682013824880915,0,0,0.4699679440352701,-0.4699679440352701,1.01,,,,,
311,2026-01-18 19:51:08.956,0.27,304.87,0.26,594.23,0.74,594.23,0.73,304.87,0.010000000000000009,0.265,0.735,0.032173940221527704,0.032173940221528294,0,0,0.32183294405516627,-0.32183294405516627,1.01,,,,,
312,2026-01-18 19:51:10.081,0.27,310.37,0.26,587.23,0.74,587.23,0.73,310.37,0.010000000000000009,0.265,0.735,0.03273448655728999,0.03273448655729055,0,0,0.30844474153297685,-0.30844474153297685,1.01,,,,,
313,2026-01-18 19:51:11.194,0.27,313.37,0.26,564.73,0.74,564.73,0.73,313.37,0.010000000000000009,0.265,0.735,0.03310859976699379,0.033108599766994325,0,0,0.28625441293702314,-0.28625441293702314,1.01,,,,,
314,2026-01-18 19:51:12.297,0.27,699.37,0.26,553.73,0.74,553.73,0.73,699.37,0.010000000000000009,0.265,0.735,0.03342448694719972,0.03342448694720021,0,0,-0.11622376506264463,0.11622376506264463,1.01,,,,,
315,2026-01-18 19:51:13.534,0.27,313.37,0.26,415.51,0.74,415.51,0.73,313.37,0.010000000000000009,0.265,0.735,0.033683786272137334,0.033683786272137806,0,0,0.1401328064976402,-0.1401328064976402,1.01,,,,,
316,2026-01-18 19:51:14.653,0.27,230.65,0.26,917.0,0.74,917.0,0.73,230.65,0.010000000000000009,0.265,0.735,0.033887796746933714,0.03388779674693416,0,0,0.5980481854223848,-0.5980481854223848,1.01,,,,,
317,2026-01-18 19:51:15.902,0.27,778.65,0.26,104.46,0.74,104.46,0.73,778.65,0.010000000000000009,0.265,0.735,0.03403751253965124,0.034037512539651656,0,0,-0.763426979651459,0.763426979651459,1.01,,,,,
318,2026-01-18 19:51:17.001,0.27,770.15,0.26,109.46,0.74,109.46,0.73,770.15,0.010000000000000009,0.265,0.735,0.034133648093974664,0.03413364809397505,0,0,-0.7511169722945396,0.7511169722945396,1.01,,,,,
319,2026-01-18 19:51:18.051,0.27,822.65,0.26,102.96,0.74,102.96,0.73,822.65,0.010000000000000009,0.265,0.735,0.0341766555606403,0.034176655560640666,0,0,-0.7775304934043495,0.7775304934043495,1.01,,,,,
320,2026-01-18 19:51:19.227,0.27,725.16,0.26,102.96,0.74,102.96,0.73,725.16,0.010000000000000009,0.265,0.735,0.034166735565589974,0.03416673556559032,0,0,-0.7513403854513838,0.7513403854513838,1.01,,,,,
321,2026-01-18 19:51:20.295,0.27,756.16,0.26,93.96,0.74,93.96,0.73,756.16,0.010000000000000009,0.265,0.735,0.034103841922842305,0.03410384192284264,0,0,-0.7789488542793958,0.7789488542793958,1.01,,,,,
322,2026-01-18 19:51:21.420,0.27,744.16,0.26,84.35,0.74,84.35,0.73,744.16,0.010000000000000009,0.265,0.735,0.03398768055308339,0.0339876805530837,0,0,-0.7963814558665556,0.7963814558665556,1.01,,,,,
323,2026-01-18 19:51:22.556,0.27,727.66,0.26,84.35,0.74,84.35,0.73,727.66,0.010000000000000009,0.265,0.735,0.033817702548364074,0.03381770254836435,0,0,-0.7922439378825383,0.7922439378825383,1.01,,,,,
324,2026-01-18 19:51:23.608,0.27,782.16,0.26,84.35,0.74,84.35,0.73,782.16,0.010000000000000009,0.265,0.735,0.033593090996688245,0.03359309099668851,0,0,-0.8053109600581643,0.8053109600581643,1.01,,,,,
325,2026-01-18 19:51:24.804,0.27,888.16,0.26,77.73,0.74,77.73,0.73,888.16,0.010000000000000009,0.265,0.735,0.03331274081436238,0.03331274081436261,0,0,-0.8390499953410844,0.8390499953410844,1.01,,,,,
326,2026-01-18 19:51:25.882,0.26,187.5,0.25,47.65,0.75,47.65,0.74,187.5,0.010000000000000009,0.255,0.745,0.03315975284949303,0.03315975284949324,0,0,-0.5947267701467148,0.5947267701467148,1.01,,,,,
327,2026-01-18 19:51:26.907,0.26,542.0,0.25,37.15,0.75,37.15,0.74,542.0,0.010000000000000009,0.255,0.745,0.03293665809288485,0.03293665809288504,0,0,-0.8717085383752051,0.8717085383752051,1.01,,,,,
328,2026-01-18 19:51:28.136,0.26,551.82,0.25,23.0,0.75,23.0,0.74,551.82,0.010000000000000009,0.255,0.745,0.03264201912304587,0.03264201912304604,0,0,-0.9199749486795866,0.9199749486795866,1.01,,,,,
329,2026-01-18 19:51:29.302,0.26,610.82,0.25,35.9,0.75,35.9,0.74,745.95,0.010000000000000009,0.255,0.745,0.03227387654659023,0.03227387654659038,0,0,-0.8889782285997032,0.9081665281064143,1.01,,,,,
330,2026-01-18 19:51:30.381,0.26,761.75,0.25,40.5,0.75,40.5,0.74,761.75,0.010000000000000009,0.255,0.745,0.03182968003410278,0.03182968003410289,0,0,-0.8990339669679027,0.8990339669679027,1.01,,,,,
331,2026-01-18 19:51:31.597,0.26,771.75,0.25,40.5,0.75,40.5,0.74,771.75,0.010000000000000009,0.255,0.745,0.03130619241644909,0.03130619241644917,0,0,-0.9002770083102493,0.9002770083102493,1.01,,,,,
332,2026-01-18 19:51:32.490,0.25,216.5,0.24,999.05,0.76,999.05,0.75,216.5,0.010000000000000009,0.245,0.755,0.030902045897931767,0.03090204589793183,0,0,0.6437826498292953,-0.6437826498292953,1.01,,,,,
333,2026-01-18 19:51:33.627,0.25,242.66,0.24,973.05,0.76,973.05,0.75,242.66,0.010000000000000009,0.245,0.755,0.030399761186988037,0.030399761186988075,0,0,0.6007929522665767,-0.6007929522665767,1.01,,,,,
334,2026-01-18 19:51:34.851,0.25,804.5,0.24,51.0,0.76,51.0,0.75,804.5,0.010000000000000009,0.245,0.755,0.029794375346024672,0.029794375346024683,0,0,-0.880771478667446,0.880771478667446,1.01,,,,,
335,2026-01-18 19:51:36.075,0.25,887.83,0.24,25.33,0.76,25.33,0.75,887.83,0.010000000000000009,0.245,0.755,0.029691802022520437,0.029691802022520423,0,0,-0.9445223181041656,0.9445223181041656,1.01,,,,,
336,2026-01-18 19:51:37.277,0.25,900.33,0.24,22.11,0.76,22.11,0.75,900.33,0.010000000000000009,0.245,0.755,0.029527708905708463,0.029527708905708435,0,0,-0.9520619227266813,0.9520619227266813,1.01,,,,,
337,2026-01-18 19:51:38.339,0.25,896.33,0.24,27.11,0.76,27.11,0.75,896.33,0.010000000000000009,0.245,0.755,0.02930106243614592,0.029301062436145872,0,0,-0.9412847613272113,0.9412847613272113,1.01,,,,,
338,2026-01-18 19:51:39.411,0.25,900.33,0.24,19.82,0.76,19.82,0.75,900.33,0.010000000000000009,0.245,0.755,0.029010396538905647,0.029010396538905574,0,0,-0.9569200673803183,0.9569200673803183,1.01,,,,,
339,2026-01-18 19:51:40.570,0.25,771.83,0.24,18.99,0.76,18.99,0.75,771.83,0.010000000000000009,0.245,0.755,0.028653763026749848,0.02865376302674974,0,0,-0.9519739005083331,0.9519739005083331,1.01,,,,,
340,2026-01-18 19:51:41.696,0.25,870.41,0.24,15.5,0.76,15.5,0.75,870.41,0.010000000000000009,0.245,0.755,0.028228661757736313,0.02822866175773618,0,0,-0.9650077321624093,0.9650077321624093,1.01,,,,,
341,2026-01-18 19:51:42.702,0.25,839.41,0.24,5.0,0.76,5.0,0.75,839.41,0.010000000000000009,0.245,0.755,0.02773194429648223,0.027731944296482063,0,0,-0.9881574116838976,0.9881574116838976,1.01,,,,,
342,2026-01-18 19:51:43.799,0.25,877.41,0.24,1.05,0.76,1.05,0.75,877.41,0.010000000000000009,0.245,0.755,0.027452449902506587,0.027452449902506396,0,0,-0.9976094529062224,0.9976094529062224,1.01,,,,,
343,2026-01-18 19:51:44.980,0.25,875.55,0.24,19.58,0.76,19.58,0.75,851.55,0.010000000000000009,0.245,0.755,0.02711908765526883,0.0271190876552686,0,0,-0.956252164490074,0.9550468931158379,1.01,,,,,
344,2026-01-18 19:51:46.051,0.25,954.55,0.24,25.57,0.76,25.57,0.75,954.55,0.010000000000000009,0.245,0.755,0.025569640145591776,0.025569640145591488,0,0,-0.9478227155858465,0.9478227155858465,1.01,,,,,
345,2026-01-18 19:51:47.147,0.24,121.55,0.23,410.3,0.77,410.3,0.76,121.55,0.010000000000000009,0.235,0.765,0.024002559891725096,0.024002559891724732,0,0,0.5429162357807652,-0.5429162357807652,1.01,,,,,
346,2026-01-18 19:51:48.368,0.24,132.55,0.23,405.3,0.77,405.3,0.76,132.55,0.010000000000000009,0.235,0.765,0.022172124556400805,0.022172124556400347,0,0,0.5071116482290601,-0.5071116482290601,1.01,,,,,
347,2026-01-18 19:51:50.963,0.24,361.64,0.23,395.01,0.77,395.01,0.76,361.64,0.010000000000000009,0.235,0.765,0.020006178424205923,0.02000617842420534,0,0,0.04410229300204851,-0.04410229300204851,1.01,,,,,
348,2026-01-18 19:51:52.018,0.24,312.84,0.23,402.01,0.77,402.01,0.76,312.84,0.010000000000000009,0.235,0.765,0.017379732010180227,0.017379732010179463,0,0,0.12473945582989442,-0.12473945582989442,1.01,,,,,
349,2026-01-18 19:51:53.285,0.24,440.41,0.23,374.04,0.77,374.04,0.76,440.41,0.010000000000000009,0.235,0.765,0.016340955790837733,0.016340955790836855,0,0,-0.0814905764626435,0.0814905764626435,1.01,,,,,
350,2026-01-18 19:51:54.401,0.24,423.41,0.23,60.21,0.77,60.21,0.76,423.41,0.010000000000000009,0.235,0.765,0.015112338282393745,0.015112338282392732,0,0,-0.7510028534800051,0.7510028534800051,1.01,,,,,
351,2026-01-18 19:51:55.554,0.24,452.41,0.23,435.21,0.77,435.21,0.76,452.41,0.010000000000000009,0.235,0.765,0.014264203942884994,0.01426420394288386,0,0,-0.019377661611951112,0.019377661611951112,1.01,,,,,
352,2026-01-18 19:51:56.872,0.24,841.07,0.23,79.21,0.77,79.21,0.76,841.07,0.010000000000000009,0.235,0.765,0.014319793894294133,0.014319793894292963,0,0,-0.8278567392532706,0.8278567392532706,1.01,,,,,
353,2026-01-18 19:51:57.964,0.24,1799.11,0.23,116.92,0.77,116.92,0.76,1799.11,0.010000000000000009,0.235,0.765,0.014453314674657446,0.014453314674656255,0,0,-0.8779559819000745,0.8779559819000745,1.01,,,,,
354,2026-01-18 19:51:59.078,0.23,347.8,0.22,437.39,0.78,437.39,0.77,347.8,0.010000000000000009,0.225,0.775,0.014862838046691577,0.01486283804669038,0,0,0.11409977202969977,-0.11409977202969977,1.01,,,,,
355,2026-01-18 19:52:01.900,0.23,295.5,0.22,416.9,0.78,416.9,0.77,295.5,0.010000000000000009,0.225,0.775,0.015215031223798591,0.015215031223797382,0,0,0.1704098820887142,-0.1704098820887142,1.01,,,,,
356,2026-01-18 19:52:02.760,0.23,306.5,0.22,397.78,0.78,397.78,0.77,306.5,0.010000000000000009,0.225,0.775,0.015513799215589276,0.01551379921558805,0,0,0.1296075424547055,-0.1296075424547055,1.01,,,,,
357,2026-01-18 19:52:03.859,0.22,1245.76,0.21,42.0,0.79,42.0,0.78,1245.76,0.010000000000000009,0.215,0.785,0.01612451549659474,0.016124515496593515,0,0,-0.9347704541218861,0.9347704541218861,1.01,,,,,
358,2026-01-18 19:52:04.952,0.2,298.0,0.19,7.1,0.81,7.1,0.8,298.0,0.010000000000000009,0.195,0.805,0.01733273575675473,0.01733273575675352,0,0,-0.9534578826614223,0.9534578826614223,1.01,,,,,
359,2026-01-18 19:52:06.170,0.19,402.5,0.18,418.03,0.82,418.03,0.81,402.5,0.010000000000000009,0.185,0.815,0.0188923504084253,0.018892350408424113,0,0,0.018926791220308794,-0.018926791220308794,1.01,2026-01-18 19:52:08,0.8,,41.7245,
360,2026-01-18 19:52:07.216,0.19,308.91,0.18,85.1,0.82,85.1,0.81,308.91,0.010000000000000009,0.185,0.815,0.020449745484856438,0.020449745484855272,0,0,-0.5680312682419228,0.5680312682419228,1.01,2026-01-18 19:52:08,0.8,,41.7245,
361,2026-01-18 19:52:08.418,0.18,337.5,0.17,149.58,0.83,149.58,0.82,337.5,0.010000000000000009,0.175,0.825,0.022312622153045115,0.022312622153043984,0,0,-0.38580931263858087,0.38580931263858087,1.01,2026-01-18 19:52:08,0.8,,41.7245,
362,2026-01-18 19:52:09.576,0.18,324.2,0.17,56.97,0.83,56.97,0.82,324.2,0.010000000000000009,0.175,0.825,0.023913686599510094,0.023913686599508984,0,0,-0.7010782590445209,0.7010782590445209,1.01,2026-01-18 19:52:08,0.8,,41.7245,
363,2026-01-18 19:52:10.672,0.18,399.18,0.17,109.95,0.83,109.95,0.82,399.18,0.010000000000000009,0.175,0.825,0.025302687380997564,0.025302687380996454,0,0,-0.5680867361970421,0.5680867361970421,1.01,,,,,
364,2026-01-18 19:52:11.923,0.18,291.61,0.17,81.57,0.83,81.57,0.82,291.61,0.010000000000000009,0.175,0.825,0.026512975183997624,0.02651297518399651,0,0,-0.5628383085910285,0.5628383085910285,1.01,,,,,
365,2026-01-18 19:52:13.000,0.18,697.71,0.17,70.5,0.83,70.5,0.82,697.71,0.010000000000000009,0.175,0.825,0.027568097504179177,0.027568097504178043,0,0,-0.8164564376928184,0.8164564376928184,1.01,,,,,
366,2026-01-18 19:52:14.143,0.17,28.64,0.16,187.28,0.84,187.28,0.83,28.64,0.010000000000000009,0.165,0.835,0.02907422801147449,0.029074228011473358,0,0,0.7347165616895145,-0.7347165616895145,1.01,,,,,
367,2026-01-18 19:52:15.262,0.15,1082.0,0.14,88.82,0.86,88.82,0.85,1082.0,0.010000000000000009,0.14500000000000002,0.855,0.031319386245617774,0.031319386245616664,0,0,-0.8482772757554535,0.8482772757554535,1.01,,,,,
368,2026-01-18 19:52:16.483,0.15,782.39,0.14,12.94,0.86,12.94,0.85,782.39,0.010000000000000009,0.14500000000000002,0.855,0.03329206484916243,0.03329206484916133,0,0,-0.9674600480303772,0.9674600480303772,1.01,,,,,
369,2026-01-18 19:52:17.639,0.14,116.0,0.13,241.0,0.87,241.0,0.86,116.0,0.010000000000000009,0.135,0.865,0.03548652963182887,0.03548652963182777,0,0,0.35014005602240894,-0.35014005602240894,1.01,,,,,
370,2026-01-18 19:52:18.882,0.14,90.18,0.13,238.93,0.87,238.93,0.86,90.18,0.010000000000000009,0.135,0.865,0.03742563247430336,0.03742563247430226,0,0,0.45197654279724103,-0.45197654279724103,1.01,,,,,
371,2026-01-18 19:52:20.056,0.14,62.85,0.13,189.59,0.87,189.59,0.86,62.85,0.010000000000000009,0.135,0.865,0.039147338661698595,0.039147338661697485,0,0,0.5020598954206941,-0.5020598954206941,1.01,,,,,
372,2026-01-18 19:52:20.993,0.15,161.0,0.14,142.49,0.86,142.49,0.85,161.0,0.010000000000000009,0.14500000000000002,0.855,0.040316193771559414,0.04031619377155828,0,0,-0.06099047744571482,0.06099047744571482,1.01,,,,,
373,2026-01-18 19:52:22.186,0.15,184.0,0.14,204.04,0.86,204.04,0.85,184.0,0.010000000000000009,0.14500000000000002,0.855,0.04135385402762107,0.041353854027619916,0,0,0.05164416039583546,-0.05164416039583546,1.01,,,,,
374,2026-01-18 19:52:23.215,0.15,188.0,0.14,512.9,0.86,512.9,0.85,188.0,0.010000000000000009,0.14500000000000002,0.855,0.04226998240393906,0.04226998240393788,0,0,0.46354686831217007,-0.46354686831217007,1.01,,,,,
375,2026-01-18 19:52:24.498,0.15,471.65,0.14,168.68,0.86,168.68,0.85,471.65,0.010000000000000009,0.14500000000000002,0.855,0.043072334377190484,0.04307233437718928,0,0,-0.47314665875407996,0.47314665875407996,1.01,,,,,
376,2026-01-18 19:52:25.607,0.15,518.65,0.14,170.39,0.86,170.39,0.85,518.65,0.010000000000000009,0.14500000000000002,0.855,0.04376716773737311,0.043767167737371875,0,0,-0.5054278416347382,0.5054278416347382,1.01,,,,,
377,2026-01-18 19:52:26.860,0.15,437.0,0.14,171.39,0.86,171.39,0.85,437.0,0.010000000000000009,0.14500000000000002,0.855,0.044359535182211536,0.044359535182210266,0,0,-0.4365785104949128,0.4365785104949128,1.01,,,,,
378,2026-01-18 19:52:27.945,0.15,422.67,0.14,171.39,0.86,171.39,0.85,422.67,0.010000000000000009,0.14500000000000002,0.855,0.04485349661054346,0.04485349661054216,0,0,-0.42298757701242307,0.42298757701242307,1.01,,,,,
379,2026-01-18 19:52:29.053,0.15,440.67,0.14,155.05,0.86,155.05,0.85,440.67,0.010000000000000009,0.14500000000000002,0.855,0.045252274656439814,0.04525227465643848,0,0,-0.47945343449942923,0.47945343449942923,1.01,,,,,
380,2026-01-18 19:52:30.172,0.15,515.67,0.14,151.39,0.86,151.39,0.85,515.67,0.010000000000000009,0.14500000000000002,0.855,0.04555836884427885,0.045558368844277476,0,0,-0.546097802296645,0.546097802296645,1.01,,,,,
381,2026-01-18 19:52:31.373,0.15,586.85,0.14,61.61,0.86,61.61,0.85,586.85,0.010000000000000009,0.14500000000000002,0.855,0.04577363857834017,0.04577363857833875,0,0,-0.8099805693489189,0.8099805693489189,1.01,,,,,
382,2026-01-18 19:52:32.572,0.15,582.85,0.14,139.44,0.86,139.44,0.85,582.85,0.010000000000000009,0.14500000000000002,0.855,0.04589936178673213,0.04589936178673067,0,0,-0.6138946960362182,0.6138946960362182,1.01,,,,,
383,2026-01-18 19:52:33.623,0.15,669.17,0.14,48.43,0.86,43.77,0.85,669.17,0.010000000000000009,0.14500000000000002,0.855,0.04593627371628876,0.04593627371628725,0,0,-0.8650222965440358,0.8772126686677701,1.01,,,,,
384,2026-01-18 19:52:34.805,0.15,573.71,0.14,212.71,0.86,212.71,0.85,573.71,0.010000000000000009,0.14500000000000002,0.855,0.04588458870062952,0.04588458870062796,0,0,-0.45904224205895067,0.45904224205895067,1.01,,,,,
385,2026-01-18 19:52:35.894,0.15,283.23,0.14,209.05,0.86,209.05,0.85,283.23,0.010000000000000009,0.14500000000000002,0.855,0.0457440064302826,0.04574400643028099,0,0,-0.15068660112131307,0.15068660112131307,1.01,,,,,
386,2026-01-18 19:52:37.185,0.15,265.57,0.14,178.45,0.86,178.45,0.85,265.57,0.010000000000000009,0.14500000000000002,0.855,0.045740609854159786,0.04574060985415814,0,0,-0.19620737804603397,0.19620737804603397,1.01,,,,,
387,2026-01-18 19:52:38.359,0.15,270.57,0.14,146.14,0.86,146.14,0.85,270.57,0.010000000000000009,0.14500000000000002,0.855,0.045662418871267575,0.045662418871265875,0,0,-0.2986009455016679,0.2986009455016679,1.01,,,,,
388,2026-01-18 19:52:39.573,0.15,256.57,0.14,142.08,0.86,142.08,0.85,256.57,0.010000000000000009,0.14500000000000002,0.855,0.04550904796112128,0.04550904796111953,0,0,-0.28719428069735353,0.28719428069735353,1.01,,,,,
389,2026-01-18 19:52:40.702,0.15,238.23,0.14,102.61,0.86,102.61,0.85,238.23,0.010000000000000009,0.14500000000000002,0.855,0.04527973318481558,0.04527973318481378,0,0,-0.39789930759300557,0.39789930759300557,1.01,,,,,
390,2026-01-18 19:52:41.732,0.15,233.56,0.14,96.92,0.86,96.92,0.85,233.56,0.010000000000000009,0.14500000000000002,0.855,0.04497331286503643,0.04497331286503457,0,0,-0.41345921084483167,0.41345921084483167,1.01,,,,,
391,2026-01-18 19:52:43.014,0.15,197.22,0.14,96.04,0.86,96.04,0.85,197.22,0.010000000000000009,0.14500000000000002,0.855,0.044588197369177456,0.04458819736917553,0,0,-0.3450180726999932,0.3450180726999932,1.01,,,,,
392,2026-01-18 19:52:44.113,0.15,192.22,0.14,83.13,0.86,83.13,0.85,192.22,0.010000000000000009,0.14500000000000002,0.855,0.04435953518221169,0.04435953518220972,0,0,-0.39618667150898856,0.39618667150898856,1.01,,,,,
393,2026-01-18 19:52:45.154,0.15,207.5,0.14,13.13,0.86,13.13,0.85,207.5,0.010000000000000009,0.14500000000000002,0.855,0.04406562902100577,0.04406562902100374,0,0,-0.880977201649821,0.880977201649821,1.01,,,,,
394,2026-01-18 19:52:46.318,0.13,158.0,0.12,194.62,0.88,194.62,0.87,158.0,0.010000000000000009,0.125,0.875,0.04408870103917773,0.04408870103917566,0,0,0.10385117123248824,-0.10385117123248824,1.01,,,,,
395,2026-01-18 19:52:47.407,0.13,1032.26,0.12,127.19,0.88,127.19,0.87,1032.26,0.010000000000000009,0.125,0.875,0.04401944870630183,0.04401944870629971,0,0,-0.7806028720514036,0.7806028720514036,1.01,,,,,
396,2026-01-18 19:52:48.481,0.12,243.0,0.11,270.54,0.89,270.54,0.88,243.0,0.010000000000000009,0.11499999999999999,0.885,0.04409030281433602,0.04409030281433384,0,0,0.05362776025236597,-0.05362776025236597,1.01,,,,,
397,2026-01-18 19:52:49.580,0.12,197.61,0.11,266.39,0.89,266.39,0.88,197.61,0.010000000000000009,0.11499999999999999,0.885,0.04405280601180911,0.04405280601180689,0,0,0.1482327586206896,-0.1482327586206896,1.01,,,,,
398,2026-01-18 19:52:50.604,0.12,201.65,0.11,255.44,0.89,255.44,0.88,201.65,0.010000000000000009,0.11499999999999999,0.885,0.04390668070088484,0.043906680700882564,0,0,0.1176792316611608,-0.1176792316611608,1.01,,,,,
399,2026-01-18 19:52:51.825,0.12,547.65,0.11,208.53,0.89,208.53,0.88,547.65,0.010000000000000009,0.11499999999999999,0.885,0.043650835962509946,0.0436508359625076,0,0,-0.4484646512735063,0.4484646512735063,1.01,,,,,
400,2026-01-18 19:52:52.727,0.11,84.0,0.1,931.98,0.9,931.98,0.89,84.0,0.010000000000000009,0.10500000000000001,0.895,0.04352380996533126,0.04352380996532886,0,0,0.8346424142207524,-0.8346424142207524,1.01,,,,,
401,2026-01-18 19:52:53.787,0.11,54.5,0.1,672.1,0.9,672.1,0.89,54.5,0.010000000000000009,0.10500000000000001,0.895,0.043268639234934375,0.04326863923493191,0,0,0.8499862372694743,-0.8499862372694743,1.01,,,,,
402,2026-01-18 19:52:55.108,0.11,52.5,0.1,557.1,0.9,557.1,0.89,62.5,0.010000000000000009,0.10500000000000001,0.895,0.04288303629944891,0.04288303629944637,0,0,0.827755905511811,-0.7982569399612653,1.01,,,,,
403,2026-01-18 19:52:55.981,0.11,83.93,0.1,529.1,0.9,529.1,0.89,83.93,0.010000000000000009,0.10500000000000001,0.895,0.0423634396260398,0.04236343962603718,0,0,0.7261797954423111,-0.7261797954423111,1.01,,,,,
404,2026-01-18 19:52:56.998,0.11,416.93,0.1,558.6,0.9,558.6,0.89,416.93,0.010000000000000009,0.10500000000000001,0.895,0.04170484126945818,0.04170484126945547,0,0,0.14522362203110106,-0.14522362203110106,1.01,,,,,
405,2026-01-18 19:52:58.098,0.11,426.93,0.1,503.93,0.9,503.93,0.89,426.93,0.010000000000000009,0.10500000000000001,0.895,0.04123105625617622,0.04123105625617344,0,0,0.0827192058956234,-0.0827192058956234,1.01,,,,,
406,2026-01-18 19:52:59.198,0.11,456.43,0.1,497.21,0.9,497.21,0.89,456.43,0.010000000000000009,0.10500000000000001,0.895,0.04063444588142386,0.04063444588142098,0,0,0.042762468017281126,-0.042762468017281126,1.01,,,,,
407,2026-01-18 19:53:00.395,0.12,119.25,0.11,29.55,0.89,29.55,0.88,109.25,0.010000000000000009,0.11499999999999999,0.885,0.03971473136010893,0.03971473136010594,0,0,-0.6028225806451613,0.5742074927953891,1.01,,,,,
408,2026-01-18 19:53:01.549,0.12,19.16,0.11,212.43,0.89,212.43,0.88,19.16,0.010000000000000009,0.11499999999999999,0.885,0.0386681521242034,0.03866815212420028,0,0,0.8345351699123451,-0.8345351699123451,1.01,,,,,
409,2026-01-18 19:53:02.660,0.12,34.16,0.11,223.55,0.89,223.55,0.88,34.16,0.010000000000000009,0.11499999999999999,0.885,0.037484083251096235,0.03748408325109296,0,0,0.734895813123278,-0.734895813123278,1.01,,,,,
410,2026-01-18 19:53:03.966,0.13,135.5,0.12,339.55,0.88,339.55,0.87,135.5,0.010000000000000009,0.125,0.875,0.03600847357902717,0.036008473579023724,0,0,0.4295337332912325,-0.4295337332912325,1.01,,,,,
411,2026-01-18 19:53:05.250,0.11,21.55,0.1,979.5,0.9,979.5,0.89,31.55,0.010000000000000009,0.10500000000000001,0.895,0.03469438809046392,0.034694388090460285,0,0,0.9569452075320914,-0.9375896345383513,1.01,,,,,
412,2026-01-18 19:53:06.446,0.11,10.0,0.1,538.0,0.89,12.27,0.88,450.65,0.0,0.10500000000000001,0.885,0.03318498060648946,0.03300188318543396,0,0,0.9635036496350365,0.9469886805495551,1.0,,,,,
413,2026-01-18 19:53:07.550,0.12,27.89,0.11,30.0,0.89,92.0,0.88,27.89,0.010000000000000009,0.11499999999999999,0.885,0.031270642899444964,0.031087174676677296,0,0,0.03644843669027465,-0.5347401784969555,1.01,,,,,
414,2026-01-18 19:53:08.883,0.13,104.8,0.12,729.93,0.88,729.93,0.87,104.8,0.010000000000000009,0.125,0.875,0.029475643492924967,0.02929057618257205,0,0,0.7489008421884922,-0.7489008421884922,1.01,,,,,
415,2026-01-18 19:53:09.963,0.13,911.6,0.12,686.66,0.88,686.66,0.87,911.6,0.010000000000000009,0.125,0.875,0.027461323598568364,0.02727294555638873,0,0,-0.14074055535394744,0.14074055535394744,1.01,,,,,
416,2026-01-18 19:53:11.041,0.13,854.13,0.12,669.66,0.88,669.66,0.87,854.13,0.010000000000000009,0.125,0.875,0.025175093063074087,0.024980783575026356,0,0,-0.12105998858110371,0.12105998858110371,1.01,,,,,
417,2026-01-18 19:53:12.319,0.13,1220.94,0.12,305.61,0.88,305.61,0.87,1220.94,0.010000000000000009,0.125,0.875,0.023149599452306692,0.02294921930407159,0,0,-0.5996069568635157,0.5996069568635157,1.01,,,,,
418,2026-01-18 19:53:13.511,0.13,1048.39,0.12,226.15,0.88,226.15,0.87,1048.39,0.010000000000000009,0.125,0.875,0.021916637129149773,0.021713985703710567,0,0,-0.6451268693018658,0.6451268693018658,1.01,,,,,
419,2026-01-18 19:53:14.624,0.13,1230.56,0.12,39.77,0.88,39.77,0.87,1230.56,0.010000000000000009,0.125,0.875,0.02099233112595346,0.020788822507362952,0,0,-0.9373863484291484,0.9373863484291484,1.01,,,,,
420,2026-01-18 19:53:15.852,0.13,1237.56,0.12,20.06,0.88,20.06,0.87,1237.56,0.010000000000000009,0.125,0.875,0.01997456009146228,0.01976914790878072,0,0,-0.9680984717164168,0.9680984717164168,1.01,,,,,
421,2026-01-18 19:53:17.133,0.13,1237.56,0.12,26.25,0.88,26.25,0.87,1237.56,0.010000000000000009,0.125,0.875,0.01926546630866681,0.019059822563651848,0,0,-0.9584589455693499,0.9584589455693499,1.01,,,,,
422,2026-01-18 19:53:18.422,0.13,1248.56,0.12,35.82,0.88,35.82,0.87,1248.56,0.010000000000000009,0.125,0.875,0.018491103373103054,0.018284475215274945,0,0,-0.9442221149504042,0.9442221149504042,1.01,,,,,
423,2026-01-18 19:53:19.546,0.13,1263.06,0.12,5.71,0.88,5.71,0.87,1263.06,0.010000000000000009,0.125,0.875,0.01764287919928772,0.01743429959188451,0,0,-0.9909991566635402,0.9909991566635402,1.01,,,,,
424,2026-01-18 19:53:20.833,0.12,283.05,0.11,27.24,0.89,27.24,0.88,283.05,0.010000000000000009,0.11499999999999999,0.885,0.016816557619485424,0.016607805665988625,0,0,-0.8244223146089142,0.8244223146089142,1.01,,,,,
425,2026-01-18 19:53:22.045,0.12,296.05,0.11,15.0,0.89,15.0,0.88,296.05,0.010000000000000009,0.11499999999999999,0.885,0.01588358069180884,0.01567321656565169,0,0,-0.9035524835235492,0.9035524835235492,1.01,,,,,
426,2026-01-18 19:53:23.067,0.12,789.05,0.11,10.0,0.89,10.0,0.88,789.05,0.010000000000000009,0.11499999999999999,0.885,0.015290039592311266,0.01508076186837941,0,0,-0.97497027720418,0.97497027720418,1.01,,,,,
427,2026-01-18 19:53:24.359,0.11,216.76,0.1,223.32,0.9,223.32,0.89,216.76,0.010000000000000009,0.10500000000000001,0.895,0.015437133307248009,0.01523729442002844,0,0,0.014906380658062176,-0.014906380658062176,1.01,,,,,
428,2026-01-18 19:53:25.779,0.11,537.66,0.1,277.42,0.9,277.42,0.89,537.66,0.010000000000000009,0.10500000000000001,0.895,0.015553806735162481,0.015362843133750774,0,0,-0.3192815429160328,0.3192815429160328,1.01,,,,,
429,2026-01-18 19:53:26.935,0.11,426.39,0.1,258.42,0.9,258.42,0.89,421.39,0.010000000000000009,0.10500000000000001,0.895,0.015783671745994165,0.0156009560767334,0,0,-0.24527971262101894,0.23972874773833863,1.01,,,,,
430,2026-01-18 19:53:28.050,0.11,366.93,0.1,282.42,0.9,282.42,0.89,366.93,0.010000000000000009,0.10500000000000001,0.895,0.01599434928465463,0.015819425946848552,0,0,-0.13014553014553012,0.13014553014553012,1.01,,,,,
431,2026-01-18 19:53:29.197,0.11,429.43,0.1,99.18,0.9,99.18,0.89,429.43,0.010000000000000009,0.10500000000000001,0.895,0.016186588575654182,0.01601905644821862,0,0,-0.6247517073078451,0.6247517073078451,1.01,,,,,
432,2026-01-18 19:53:30.291,0.11,412.42,0.1,117.68,0.9,117.68,0.89,412.42,0.010000000000000009,0.10500000000000001,0.895,0.016207517262652963,0.016047246626554774,0,0,-0.5560083003206941,0.5560083003206941,1.01,,,,,
433,2026-01-18 19:53:31.367,0.11,421.92,0.1,95.06,0.9,95.06,0.89,421.92,0.010000000000000009,0.10500000000000001,0.895,0.016200544037736176,0.01604724662655475,0,0,-0.632248829741963,0.632248829741963,1.01,,,,,
434,2026-01-18 19:53:32.485,0.1,82.24,0.08,33.74,0.92,33.74,0.9,82.24,0.020000000000000018,0.09,0.91,0.01657268701213673,0.01643232139535874,0,0,-0.418175547508191,0.418175547508191,1.02,,,,,
435,2026-01-18 19:53:33.589,0.09,130.5,0.08,73.23,0.92,73.23,0.91,125.5,0.010000000000000009,0.08499999999999999,0.915,0.017061495619327977,0.016935195524626006,0,0,-0.28110734796053594,0.26302017813113265,1.01,,,,,
436,2026-01-18 19:53:34.766,0.08,508.39,0.07,1258.48,0.93,1258.48,0.92,513.39,0.010000000000000009,0.07500000000000001,0.925,0.01787649879141704,0.017767129873856573,0,0,0.4245303842387952,-0.4205105340685265,1.01,,,,,
437,2026-01-18 19:53:35.930,0.08,464.75,0.07,1246.8,0.93,1246.8,0.92,464.75,0.010000000000000009,0.07500000000000001,0.925,0.01858158829941082,0.018487092764135193,0,0,0.456925009494318,-0.456925009494318,1.01,,,,,
438,2026-01-18 19:53:37.315,0.08,16.0,0.07,1188.15,0.93,1188.15,0.92,16.0,0.010000000000000009,0.07500000000000001,0.925,0.019188884199873277,0.019107745345881916,0,0,0.9734252377195532,-0.9734252377195532,1.01,,,,,
439,2026-01-18 19:53:38.516,0.09,709.4,0.07,1123.86,0.93,1123.86,0.91,709.4,0.020000000000000018,0.08,0.92,0.01953267579541529,0.01946240762943127,0,0,0.22607813403445226,-0.22607813403445226,1.02,,,,,
440,2026-01-18 19:53:39.818,0.09,692.33,0.07,1104.56,0.93,1104.56,0.91,668.33,0.020000000000000018,0.08,0.92,0.019810365089309705,0.01975038439158842,0,0,0.22941304142156724,-0.24605587487097336,1.02,,,,,
441,2026-01-18 19:53:40.917,0.1,149.5,0.09,24.0,0.91,24.0,0.9,149.5,0.010000000000000009,0.095,0.905,0.019660070233392113,0.019606834678279263,0,0,-0.723342939481268,0.723342939481268,1.01,,,,,
442,2026-01-18 19:53:42.002,0.1,150.28,0.09,40.5,0.91,40.5,0.9,140.28,0.010000000000000009,0.095,0.905,0.019472383747593653,0.01942590587871562,0,0,-0.5754271936261662,0.5519415864586791,1.01,,,,,
443,2026-01-18 19:53:43.079,0.1,100.0,0.09,79.5,0.91,79.5,0.9,100.0,0.010000000000000009,0.095,0.905,0.019246211748462534,0.019206541670418728,0,0,-0.11420612813370473,0.11420612813370473,1.01,,,,,
444,2026-01-18 19:53:44.343,0.1,128.0,0.09,49.11,0.91,49.11,0.9,128.0,0.010000000000000009,0.095,0.905,0.018980178480225995,0.018947407138915153,0,0,-0.4454293941618203,0.4454293941618203,1.01,,,,,
445,2026-01-18 19:53:45.402,0.1,112.0,0.09,39.11,0.91,39.11,0.9,112.0,0.010000000000000009,0.095,0.905,0.018672580277971217,0.018646844297616785,0,0,-0.48236384091059487,0.48236384091059487,1.01,,,,,
446,2026-01-18 19:53:46.536,0.1,121.58,0.09,57.91,0.91,57.91,0.9,121.58,0.010000000000000009,0.095,0.905,0.018321323750067682,0.018302812293546123,0,0,-0.3547272828569837,0.3547272828569837,1.01,,,,,
447,2026-01-18 19:53:47.617,0.1,176.89,0.09,78.7,0.91,78.7,0.9,176.89,0.010000000000000009,0.095,0.905,0.017923842341802096,0.017912806705468343,0,0,-0.38416995970108375,0.38416995970108375,1.01,,,,,
448,2026-01-18 19:53:48.754,0.1,145.28,0.09,102.81,0.91,102.81,0.9,145.28,0.010000000000000009,0.095,0.905,0.017476982441320642,0.017473749480395706,0,0,-0.17118787536781005,0.17118787536781005,1.01,,,,,
449,2026-01-18 19:53:49.867,0.1,152.78,0.09,115.81,0.91,115.81,0.9,152.78,0.010000000000000009,0.095,0.905,0.016976845314608698,0.016981836424876304,0,0,-0.13764473733199298,0.13764473733199298,1.01,,,,,
450,2026-01-18 19:53:51.082,0.1,162.78,0.09,124.9,0.91,124.9,0.9,162.78,0.010000000000000009,0.095,0.905,0.016418562940755246,0.016432321395358326,0,0,-0.13167408231368186,0.13167408231368186,1.01,,,,,
451,2026-01-18 19:53:52.276,0.1,159.78,0.09,124.9,0.91,124.9,0.9,159.78,0.010000000000000009,0.095,0.905,0.015795971380842672,0.015819202734048108,0,0,-0.12252353519741462,0.12252353519741462,1.01,,,,,
452,2026-01-18 19:53:53.229,0.1,242.78,0.09,113.92,0.91,113.92,0.9,242.78,0.010000000000000009,0.095,0.905,0.01510111867745992,0.015134752540525674,0,0,-0.36125595738716015,0.36125595738716015,1.01,,,,,
453,2026-01-18 19:53:54.313,0.1,211.78,0.09,72.78,0.91,72.78,0.9,211.78,0.010000000000000009,0.095,0.905,0.014323492220074192,0.014368780894928095,0,0,-0.4884734326679786,0.4884734326679786,1.01,,,,,
454,2026-01-18 19:53:55.593,0.1,158.06,0.09,63.28,0.91,63.28,0.9,158.06,0.010000000000000009,0.095,0.905,0.01417480656809584,0.014226526905618275,0,0,-0.4282099936748893,0.4282099936748893,1.01,,,,,
455,2026-01-18 19:53:56.846,0.1,198.78,0.09,59.78,0.91,64.45,0.9,248.78,0.010000000000000009,0.095,0.905,0.014006404911006564,0.01406477147378654,0,0,-0.5375928217821783,0.5884813076652938,1.01,,,,,
456,2026-01-18 19:53:58.184,0.1,250.28,0.09,65.28,0.91,65.28,0.9,250.28,0.010000000000000009,0.095,0.905,0.014004387932213522,0.014066779794429874,0,0,-0.5862593484598808,0.5862593484598808,1.01,,,,,
457,2026-01-18 19:53:59.591,0.09,91.0,0.08,782.37,0.92,782.37,0.91,91.0,0.010000000000000009,0.08499999999999999,0.915,0.014166832833854174,0.014234467201017556,0,0,0.7916118025579079,-0.7916118025579079,1.01,,,,,
458,2026-01-18 19:54:00.840,0.1,240.78,0.09,62.46,0.92,721.04,0.9,240.78,0.020000000000000018,0.095,0.91,0.014144881887658702,0.014285230015993394,0,0,-0.5880490700435298,-0.49932419787486226,1.02,,,,,
459,2026-01-18 19:54:02.060,0.09,78.47,0.08,650.15,0.92,650.15,0.91,78.47,0.010000000000000009,0.08499999999999999,0.915,0.014276081296179898,0.014418091272143902,0,0,0.7846065164283165,-0.7846065164283165,1.01,,,,,
460,2026-01-18 19:54:03.050,0.09,106.55,0.08,600.25,0.92,600.25,0.91,106.55,0.010000000000000009,0.08499999999999999,0.915,0.01447065021048193,0.014612702468947905,0,0,0.6985002829654783,-0.6985002829654783,1.01,,,,,
461,2026-01-18 19:54:04.329,0.09,53.55,0.08,592.25,0.92,592.25,0.91,53.55,0.010000000000000009,0.08499999999999999,0.915,0.014654929175964617,0.014797121418017603,0,0,0.8341591824094148,-0.8341591824094148,1.01,,,,,
462,2026-01-18 19:54:05.388,0.09,88.55,0.08,592.25,0.92,592.25,0.91,88.55,0.010000000000000009,0.08499999999999999,0.915,0.014829301807246094,0.01497172476278366,0,0,0.7398648648648649,-0.7398648648648649,1.01,,,,,
463,2026-01-18 19:54:06.611,0.09,182.55,0.08,573.66,0.92,573.66,0.91,182.55,0.010000000000000009,0.08499999999999999,0.915,0.014994113722647317,0.015136852175567367,0,0,0.5171976038402031,-0.5171976038402031,1.01,,,,,
464,2026-01-18 19:54:08.005,0.09,102.99,0.08,554.61,0.92,591.16,0.91,102.99,0.010000000000000009,0.08499999999999999,0.915,0.015149676955777108,0.01529281061469221,0,0,0.6867700729927008,-0.703262983505006,1.01,,,,,
465,2026-01-18 19:54:09.059,0.09,87.77,0.08,532.12,0.92,532.12,0.91,87.77,0.010000000000000009,0.08499999999999999,0.915,0.015296273686769675,0.015439877930480603,0,0,0.7168207262578845,-0.7168207262578845,1.01,,,,,
466,2026-01-18 19:54:10.248,0.09,184.77,0.08,512.12,0.92,512.12,0.91,184.77,0.010000000000000009,0.08499999999999999,0.915,0.015434159414628182,0.015578305935462822,0,0,0.4697297995379472,-0.4697297995379472,1.01,,,,,
467,2026-01-18 19:54:11.377,0.09,120.65,0.08,563.55,0.92,563.55,0.91,120.65,0.010000000000000009,0.08499999999999999,0.915,0.015461589001887053,0.015608197179966248,0,0,0.6473253434668226,-0.6473253434668226,1.01,,,,,
468,2026-01-18 19:54:12.363,0.09,2.5,0.08,534.55,0.92,534.55,0.91,2.5,0.010000000000000009,0.08499999999999999,0.915,0.015472547221260062,0.01562176520186708,0,0,0.9906898798994507,-0.9906898798994507,1.01,,,,,
469,2026-01-18 19:54:13.599,0.1,1360.16,0.08,441.85,0.92,441.85,0.9,1410.16,0.020000000000000018,0.09,0.91,0.015400491590950475,0.015552671578221053,0,0,-0.5096031653542433,0.5228427492292158,1.02,,,,,
470,2026-01-18 19:54:14.878,0.1,1329.16,0.08,405.3,0.92,405.3,0.9,1329.16,0.020000000000000018,0.09,0.91,0.015084273623030775,0.01524285513832717,0,0,-0.5326499313907499,0.5326499313907499,1.02,,,,,
471,2026-01-18 19:54:16.125,0.1,1273.16,0.08,405.3,0.92,405.3,0.9,1273.16,0.020000000000000018,0.09,0.91,0.015108833050841184,0.01526854711729677,0,0,-0.5170573025273167,0.5170573025273167,1.02,,,,,
472,2026-01-18 19:54:17.235,0.1,1327.16,0.08,291.3,0.92,291.3,0.9,1346.16,0.020000000000000018,0.09,0.91,0.015129152089190329,0.015162956645620037,0,0,-0.6400281749317253,0.6442050492836466,1.02,,,,,
473,2026-01-18 19:54:18.469,0.1,1308.66,0.08,177.16,0.92,177.16,0.9,1308.66,0.020000000000000018,0.09,0.91,0.01501317688652165,0.015044895149390754,0,0,-0.761532352505687,0.761532352505687,1.02,,,,,
474,2026-01-18 19:54:19.724,0.09,21.38,0.08,92.08,0.92,92.08,0.91,21.38,0.010000000000000009,0.08499999999999999,0.915,0.014685978554447587,0.014714562908275065,0,0,0.6231270932487221,-0.6231270932487221,1.01,,,,,
475,2026-01-18 19:54:20.812,0.09,145.38,0.08,142.08,0.92,142.08,0.91,145.38,0.010000000000000009,0.08499999999999999,0.915,0.014319793894296844,0.01434516985973841,0,0,-0.01147985806720929,0.01147985806720929,1.01,,,,,
476,2026-01-18 19:54:22.000,0.09,136.0,0.08,118.08,0.92,118.08,0.91,136.0,0.010000000000000009,0.08499999999999999,0.915,0.01391154461037048,0.013933609734223591,0,0,-0.07052896725440808,0.07052896725440808,1.01,,,,,
477,2026-01-18 19:54:22.972,0.09,134.0,0.08,132.11,0.92,132.11,0.91,134.0,0.010000000000000009,0.08499999999999999,0.915,0.013457402978110405,0.013476019714451806,0,0,-0.0071023261057456925,0.0071023261057456925,1.01,,,,,
478,2026-01-18 19:54:24.138,0.08,987.0,0.07,324.56,0.93,389.56,0.92,147.0,0.010000000000000009,0.07500000000000001,0.925,0.013144137917030615,0.013157831549047367,0,0,-0.5050779224740005,-0.45206500670940813,1.01,,,,,
479,2026-01-18 19:54:25.255,0.07,121.55,0.06,63.33,0.94,63.33,0.93,121.55,0.010000000000000009,0.065,0.935,0.013079504819666727,0.013086791978687671,0,0,-0.3149069666810904,0.3149069666810904,1.01,,,,,
480,2026-01-18 19:54:26.272,0.06,11.55,0.05,742.42,0.95,742.42,0.94,11.55,0.010000000000000009,0.055,0.945,0.013356265589919836,0.01335600121148688,0,0,0.9693621762139079,-0.9693621762139079,1.01,,,,,
481,2026-01-18 19:54:27.306,0.06,11.55,0.05,744.07,0.95,744.07,0.94,11.55,0.010000000000000009,0.055,0.945,0.013525452048170046,0.013517878932995114,0,0,0.9694290781080438,-0.9694290781080438,1.01,,,,,
482,2026-01-18 19:54:28.333,0.06,563.43,0.05,668.25,0.95,636.14,0.94,563.43,0.010000000000000009,0.055,0.945,0.013591082154276644,0.013576265014762582,0,0,0.08510327357755267,-0.06061338646348278,1.01,,,,,
483,2026-01-18 19:54:29.458,0.06,580.43,0.05,511.65,0.95,511.65,0.94,580.43,0.010000000000000009,0.055,0.945,0.013554660215561508,0.01353249906976161,0,0,-0.06298073401216026,0.06298073401216026,1.01,,,,,
484,2026-01-18 19:54:30.671,0.06,555.63,0.05,471.4,0.95,471.4,0.94,555.63,0.010000000000000009,0.055,0.945,0.013814755069385887,0.013786866345020918,0,0,-0.08201318364604736,0.08201318364604736,1.01,,,,,
485,2026-01-18 19:54:31.977,0.05,39.0,0.04,207.5,0.96,127.5,0.95,39.0,0.010000000000000009,0.045,0.955,0.014437670438253563,0.014404124880011693,0,0,0.6835699797160243,-0.5315315315315315,1.01,,,,,
486,2026-01-18 19:54:32.864,0.06,108.79,0.05,994.5,0.95,194.5,0.94,108.79,0.010000000000000009,0.055,0.945,0.014531283222427433,0.014492107729392804,0,0,0.8027898376673405,-0.28260081110488305,1.01,,,,,
487,2026-01-18 19:54:34.086,0.11,8.01,0.08,123.0,0.92,233.0,0.89,8.01,0.030000000000000027,0.095,0.905,0.014364110958072721,0.0143234922200621,0,0,0.8777192580719029,-0.9335297290568857,1.03,,,,,
488,2026-01-18 19:54:35.310,0.14,105.5,0.13,30.0,0.87,30.0,0.86,105.5,0.010000000000000009,0.135,0.865,0.01552381076169692,0.015488970013853229,0,0,-0.5571955719557196,0.5571955719557196,1.01,,,,,
489,2026-01-18 19:54:36.410,0.17,27.0,0.15,85.05,0.85,85.05,0.83,27.0,0.020000000000000018,0.16,0.84,0.01806981907994449,0.01804420184820135,0,0,0.5180722891566265,-0.5180722891566265,1.02,,,,,
490,2026-01-18 19:54:37.510,0.18,13.0,0.17,212.05,0.83,212.05,0.82,13.0,0.010000000000000009,0.175,0.825,0.02122967622321116,0.0212125375995443,0,0,0.8844701177516108,-0.8844701177516108,1.01,,,,,
491,2026-01-18 19:54:38.595,0.18,14.59,0.17,299.49,0.83,349.49,0.82,14.59,0.010000000000000009,0.175,0.825,0.023918854109695718,0.023907779505918308,0,0,0.9070937340804892,-0.9198527796088773,1.01,,,,,
492,2026-01-18 19:54:39.682,0.19,10.0,0.18,231.55,0.82,231.55,0.81,10.0,0.010000000000000009,0.185,0.815,0.02685215327665965,0.026846498156677535,0,0,0.9172014075760712,-0.9172014075760712,1.01,,,,,
493,2026-01-18 19:54:40.927,0.2,62.5,0.19,208.05,0.81,208.05,0.8,62.5,0.010000000000000009,0.195,0.805,0.029991877431471494,0.02999105327986688,0,0,0.5379781925706894,-0.5379781925706894,1.01,,,,,
494,2026-01-18 19:54:42.184,0.2,30.32,0.18,272.89,0.82,279.37,0.8,30.32,0.020000000000000018,0.19,0.81,0.03253540010337982,0.03253898140283621,0,0,0.8000065960885195,-0.8041912880622558,1.02,,,,,
495,2026-01-18 19:54:43.276,0.23,10.0,0.22,144.69,0.78,144.69,0.77,10.0,0.010000000000000009,0.225,0.775,0.03664563469736719,0.03665420949148935,0,0,0.8707091602559959,-0.8707091602559959,1.01,,,,,
496,2026-01-18 19:54:44.359,0.23,54.0,0.22,15.0,0.78,15.0,0.77,98.5,0.010000000000000009,0.225,0.775,0.04012295720551084,0.040136068003753474,0,0,-0.5652173913043478,0.73568281938326,1.01,,,,,
497,2026-01-18 19:54:45.442,0.22,37.55,0.21,397.0,0.79,397.0,0.78,37.55,0.010000000000000009,0.215,0.785,0.04270604754803633,0.04272299424534523,0,0,0.8271775399838913,-0.8271775399838913,1.01,,,,,
498,2026-01-18 19:54:46.546,0.22,43.55,0.21,452.0,0.79,452.0,0.78,43.55,0.010000000000000009,0.215,0.785,0.045018750017157765,0.04503921706075714,0,0,0.8242356977096156,-0.8242356977096156,1.01,,,,,
499,2026-01-18 19:54:47.776,0.22,64.05,0.21,10.46,0.79,10.46,0.78,64.05,0.010000000000000009,0.215,0.785,0.04715163662226571,0.047175220321997974,0,0,-0.71923231780969,0.71923231780969,1.01,,,,,
500,2026-01-18 19:54:48.878,0.21,840.01,0.2,595.25,0.8,595.25,0.79,840.01,0.010000000000000009,0.20500000000000002,0.795,0.04873331961479704,0.04875975927230836,0,0,-0.17053356186335578,0.17053356186335578,1.01,,,,,
501,2026-01-18 19:54:49.952,0.21,887.01,0.2,56.87,0.8,56.87,0.79,887.01,0.010000000000000009,0.20500000000000002,0.795,0.05028976769148245,0.050318477247846556,0,0,-0.8794973937364919,0.8794973937364919,1.01,,,,,
502,2026-01-18 19:54:51.088,0.2,53.5,0.19,680.0,0.81,680.0,0.8,53.5,0.010000000000000009,0.195,0.805,0.05144212644206449,0.05147293732473249,0,0,0.8541240627130198,-0.8541240627130198,1.01,,,,,
503,2026-01-18 19:54:52.099,0.2,58.5,0.19,546.0,0.81,546.0,0.8,58.5,0.010000000000000009,0.195,0.805,0.05251546718620434,0.052548336639854754,0,0,0.8064516129032258,-0.8064516129032258,1.01,,,,,
504,2026-01-18 19:54:53.265,0.2,87.0,0.19,581.0,0.81,581.0,0.8,87.0,0.010000000000000009,0.195,0.805,0.05351454472547752,0.05354943858604907,0,0,0.7395209580838323,-0.7395209580838323,1.01,,,,,
505,2026-01-18 19:54:54.548,0.2,87.0,0.19,498.76,0.81,498.76,0.8,87.0,0.010000000000000009,0.195,0.805,0.054443447567644354,0.05448033906495494,0,0,0.7029500136574707,-0.7029500136574707,1.01,,,,,
506,2026-01-18 19:54:55.677,0.2,87.0,0.19,485.78,0.81,485.78,0.8,87.0,0.010000000000000009,0.195,0.805,0.05530571174311403,0.05534458057361846,0,0,0.6962184433814029,-0.6962184433814029,1.01,,,,,
507,2026-01-18 19:54:56.738,0.2,87.0,0.19,369.54,0.81,369.54,0.8,87.0,0.010000000000000009,0.195,0.805,0.05610440982899542,0.0561452414332053,0,0,0.6188723879616244,-0.6188723879616244,1.01,,,,,
508,2026-01-18 19:54:58.032,0.2,853.0,0.19,327.73,0.81,333.12,0.8,853.0,0.010000000000000009,0.195,0.805,0.05684222141677092,0.056885006414713134,0,0,-0.4448688523201748,0.4383030384784002,1.01,,,,,
509,2026-01-18 19:54:59.090,0.2,902.15,0.19,222.03,0.81,222.03,0.8,902.15,0.010000000000000009,0.195,0.805,0.05752148947491206,0.05756622322592365,0,0,-0.6049920831183618,0.6049920831183618,1.01,,,,,
510,2026-01-18 19:55:00.406,0.2,949.65,0.19,202.41,0.81,210.41,0.8,949.65,0.010000000000000009,0.195,0.805,0.0581442658369465,0.058190948099147384,0,0,-0.6486120514556534,0.6372429012292468,1.01,,,,,
511,2026-01-18 19:55:01.579,0.2,34.0,0.19,474.02,0.81,486.02,0.8,44.0,0.010000000000000009,0.195,0.805,0.05871234819446811,0.05876098286571059,0,0,0.8661470020865321,-0.8339685294894532,1.01,,,,,
512,2026-01-18 19:55:02.519,0.25,317.17,0.23,124.0,0.77,124.0,0.75,317.17,0.020000000000000018,0.24,0.76,0.06036517872300118,0.06041587277872864,0,0,-0.4378584219235216,0.4378584219235216,1.02,,,,,
513,2026-01-18 19:55:03.753,0.26,18.0,0.25,102.77,0.75,107.77,0.74,18.0,0.010000000000000009,0.255,0.745,0.062354010286989905,0.06240671003687687,0,0,0.7019127266705307,-0.7137632185735867,1.01,,,,,
514,2026-01-18 19:55:05.117,0.27,244.0,0.26,43.23,0.74,33.23,0.73,236.0,0.010000000000000009,0.265,0.735,0.06450047080807443,0.06455513782193292,0,0,-0.6989868746300874,0.7531478661367603,1.01,2026-01-18 19:55:06,,0.27,,16.8396
515,2026-01-18 19:55:06.164,0.26,52.5,0.25,18.0,0.75,18.0,0.74,52.5,0.010000000000000009,0.255,0.745,0.06614036606036328,0.06619709272124782,0,0,-0.48936170212765956,0.48936170212765956,1.01,2026-01-18 19:55:06,,0.27,,16.8396
516,2026-01-18 19:55:07.385,0.25,35.42,0.24,145.5,0.76,145.5,0.75,45.84,0.010000000000000009,0.245,0.755,0.06735604025024092,0.06741488670280674,0,0,0.6084457218660181,-0.5208529319535904,1.01,2026-01-18 19:55:06,,0.27,,16.8396
517,2026-01-18 19:55:08.487,0.24,113.59,0.23,115.92,0.77,115.92,0.76,100.59,0.010000000000000009,0.235,0.765,0.06808498345267769,0.06814630944904614,0,0,0.01015206309093285,-0.0708050436469447,1.01,,,,,
518,2026-01-18 19:55:09.708,0.24,133.96,0.23,438.75,0.77,438.75,0.76,133.96,0.010000000000000009,0.235,0.765,0.06884745275907027,0.06884745275906848,0,0,0.5321890660194513,-0.5321890660194513,1.01,,,,,
519,2026-01-18 19:55:10.805,0.24,120.43,0.23,340.39,0.77,340.39,0.76,120.43,0.010000000000000009,0.235,0.765,0.06938389073686552,0.06938389073686378,0,0,0.47732303285447675,-0.47732303285447675,1.01,,,,,
520,2026-01-18 19:55:12.059,0.24,65.97,0.23,10.0,0.77,10.0,0.76,65.97,0.010000000000000009,0.235,0.765,0.06982524594837738,0.0698252459483757,0,0,-0.7367381861261024,0.7367381861261024,1.01,,,,,
521,2026-01-18 19:55:13.270,0.24,52.02,0.23,1.94,0.77,1.94,0.76,52.02,0.010000000000000009,0.235,0.765,0.07017331248637701,0.07017331248637537,0,0,-0.9280948851000742,0.9280948851000742,1.01,,,,,
522,2026-01-18 19:55:14.495,0.23,62.37,0.22,588.65,0.78,588.65,0.77,62.37,0.010000000000000009,0.225,0.775,0.07024653921145455,0.07024653921145295,0,0,0.8083929833184849,-0.8083929833184849,1.01,,,,,
523,2026-01-18 19:55:15.604,0.24,90.13,0.23,45.7,0.77,45.7,0.76,90.13,0.010000000000000009,0.235,0.765,0.07041824205104315,0.0704182420510416,0,0,-0.327100051535007,0.327100051535007,1.01,,,,,
524,2026-01-18 19:55:16.830,0.23,35.21,0.22,578.61,0.78,578.61,0.77,35.21,0.010000000000000009,0.225,0.775,0.0703283260594738,0.07032832605947228,0,0,0.8852758137564757,-0.8852758137564757,1.01,,,,,
525,2026-01-18 19:55:18.073,0.24,107.74,0.23,35.55,0.77,35.55,0.76,107.74,0.010000000000000009,0.235,0.765,0.07032531349033647,0.070325313490335,0,0,-0.5038034754693279,0.5038034754693279,1.01,,,,,
526,2026-01-18 19:55:18.981,0.24,99.28,0.23,35.55,0.77,35.55,0.76,99.28,0.010000000000000009,0.235,0.765,0.0702318597524924,0.07023185975249097,0,0,-0.47266928725061197,0.47266928725061197,1.01,,,,,
527,2026-01-18 19:55:20.000,0.23,24.5,0.22,82.0,0.78,82.0,0.77,24.5,0.010000000000000009,0.225,0.775,0.06989317918921069,0.0698931791892093,0,0,0.539906103286385,-0.539906103286385,1.01,,,,,
528,2026-01-18 19:55:21.236,0.23,61.84,0.22,47.0,0.78,47.0,0.77,61.84,0.010000000000000009,0.225,0.775,0.06947319931980092,0.06947319931979955,0,0,-0.13634693127526648,0.13634693127526648,1.01,,,,,
529,2026-01-18 19:55:22.407,0.22,12.0,0.21,1477.29,0.79,1477.29,0.78,12.0,0.010000000000000009,0.215,0.785,0.06895154074965536,0.06895154074965401,0,0,0.9838849384606088,-0.9838849384606088,1.01,,,,,
530,2026-01-18 19:55:23.424,0.22,8.54,0.21,652.29,0.79,652.29,0.78,8.54,0.010000000000000009,0.215,0.785,0.06836136947251835,0.068361369472517,0,0,0.9741537157816686,-0.9741537157816686,1.01,,,,,
531,2026-01-18 19:55:24.730,0.2,119.0,0.19,31.0,0.81,31.0,0.8,119.0,0.010000000000000009,0.195,0.805,0.06754842372714977,0.06754842372714844,0,0,-0.5866666666666667,0.5866666666666667,1.01,,,,,
532,2026-01-18 19:55:25.779,0.19,200.0,0.18,354.93,0.82,354.93,0.81,200.0,0.010000000000000009,0.185,0.815,0.06664349879923293,0.06664349879923159,0,0,0.27918836610022885,-0.27918836610022885,1.01,,,,,
533,2026-01-18 19:55:27.030,0.18,193.0,0.17,119.0,0.83,119.0,0.82,193.0,0.010000000000000009,0.175,0.825,0.06568086470731437,0.06568086470731305,0,0,-0.23717948717948717,0.23717948717948717,1.01,,,,,
534,2026-01-18 19:55:28.292,0.18,181.55,0.17,526.01,0.83,526.01,0.82,181.55,0.010000000000000009,0.175,0.825,0.06455251223738825,0.06455251223738692,0,0,0.48682797218610435,-0.48682797218610435,1.01,,,,,
535,2026-01-18 19:55:29.530,0.18,190.65,0.17,446.55,0.83,446.55,0.82,208.21,0.010000000000000009,0.175,0.825,0.06336798412786497,0.06336798412786364,0,0,0.4016007532956685,-0.36401124075997315,1.01,,,,,
536,2026-01-18 19:55:30.727,0.18,110.65,0.17,348.39,0.83,348.39,0.82,110.65,0.010000000000000009,0.175,0.825,0.062124067135966646,0.062124067135965313,0,0,0.517906936214709,-0.517906936214709,1.01,,,,,
537,2026-01-18 19:55:31.950,0.18,145.65,0.17,272.11,0.83,272.11,0.82,145.65,0.010000000000000009,0.175,0.825,0.060817117256676975,0.06081711725667563,0,0,0.30270968977403295,-0.30270968977403295,1.01,,,,,
538,2026-01-18 19:55:33.055,0.18,145.65,0.17,294.9,0.83,294.9,0.82,145.65,0.010000000000000009,0.175,0.825,0.059142829605838755,0.059142829605837395,0,0,0.33878106911814776,-0.33878106911814776,1.01,,,,,
539,2026-01-18 19:55:34.326,0.18,148.53,0.17,286.59,0.83,286.59,0.82,148.53,0.010000000000000009,0.175,0.825,0.05702431585622069,0.0570243158562193,0,0,0.3172917815774958,-0.3172917815774958,1.01,,,,,
540,2026-01-18 19:55:35.474,0.18,148.53,0.17,284.18,0.83,284.18,0.82,148.53,0.010000000000000009,0.175,0.825,0.054361405697226924,0.05436140569722551,0,0,0.31348940398881464,-0.31348940398881464,1.01,,,,,
541,2026-01-18 19:55:36.870,0.18,138.53,0.17,280.02,0.83,280.02,0.82,138.53,0.010000000000000009,0.175,0.825,0.0514821975702925,0.051482197570291044,0,0,0.3380480229363278,-0.3380480229363278,1.01,,,,,
542,2026-01-18 19:55:38.156,0.17,15.0,0.16,44.66,0.84,44.66,0.83,15.0,0.010000000000000009,0.165,0.835,0.04842804377350769,0.04842804377350618,0,0,0.4971505196111297,-0.4971505196111297,1.01,,,,,
543,2026-01-18 19:55:39.216,0.18,167.35,0.17,7.0,0.83,7.0,0.82,167.35,0.010000000000000009,0.175,0.825,0.04499929377976869,0.0449992937797671,0,0,-0.9197017493547462,0.9197017493547462,1.01,,,,,
544,2026-01-18 19:55:40.460,0.15,10.0,0.14,494.89,0.86,494.89,0.85,10.0,0.010000000000000009,0.14500000000000002,0.855,0.041636288360930286,0.0416362883609286,0,0,0.9603874111192537,-0.9603874111192537,1.01,,,,,
545,2026-01-18 19:55:41.605,0.15,80.0,0.14,479.51,0.86,479.51,0.85,80.0,0.010000000000000009,0.14500000000000002,0.855,0.03724963504162725,0.03724963504162542,0,0,0.7140354953441405,-0.7140354953441405,1.01,,,,,
546,2026-01-18 19:55:42.716,0.15,80.0,0.14,484.01,0.86,484.01,0.85,80.0,0.010000000000000009,0.14500000000000002,0.855,0.03296237797219555,0.032962377972193514,0,0,0.7163170865764792,-0.7163170865764792,1.01,,,,,
547,2026-01-18 19:55:43.944,0.15,19.35,0.14,386.73,0.86,386.73,0.85,19.35,0.010000000000000009,0.14500000000000002,0.855,0.03084165409180586,0.03084165409180371,0,0,0.9046985815602836,-0.9046985815602836,1.01,,,,,
548,2026-01-18 19:55:45.033,0.16,147.0,0.15,131.55,0.85,131.55,0.84,147.0,0.010000000000000009,0.155,0.845,0.03022642892651526,0.03022642892651308,0,0,-0.055465805061927796,0.055465805061927796,1.01,,,,,
549,2026-01-18 19:55:46.171,0.16,188.0,0.15,165.25,0.85,165.25,0.84,188.0,0.010000000000000009,0.155,0.845,0.030346864803300382,0.03034686480329821,0,0,-0.06440198159943383,0.06440198159943383,1.01,,,,,
550,2026-01-18 19:55:47.393,0.14,128.84,0.13,92.0,0.85,66.52,0.84,1303.0,-0.010000000000000009,0.135,0.845,0.0313396735982189,0.03073901438968963,0,0,-0.16681760550624888,0.9028564752614054,0.99,,,,,
551,2026-01-18 19:55:48.826,0.13,179.02,0.12,532.54,0.88,532.54,0.87,179.02,0.010000000000000009,0.125,0.875,0.0326486171742356,0.03208128799702173,0,0,0.49682387992579685,-0.49682387992579685,1.01,2026-01-18 19:55:50,0.88,,23.9332,
552,2026-01-18 19:55:50.181,0.13,93.5,0.12,668.54,0.88,668.54,0.87,93.5,0.010000000000000009,0.125,0.875,0.033976562210750204,0.033441913550524144,0,0,0.7546060574248071,-0.7546060574248071,1.01,2026-01-18 19:55:50,0.88,,23.9332,
553,2026-01-18 19:55:51.418,0.13,100.0,0.12,522.48,0.88,522.48,0.87,100.0,0.010000000000000009,0.125,0.875,0.03525892922928095,0.03475540034451005,0,0,0.678704536691942,-0.678704536691942,1.01,2026-01-18 19:55:50,0.88,,23.9332,
554,2026-01-18 19:55:52.611,0.13,24.0,0.12,333.74,0.88,302.55,0.87,24.0,0.010000000000000009,0.125,0.875,0.03645086081613507,0.03597423355994971,0,0,0.8658243417006765,-0.8530087276067984,1.01,,,,,
555,2026-01-18 19:55:53.925,0.13,10.0,0.12,546.42,0.87,8.46,0.86,182.0,0.0,0.125,0.865,0.03736548378558796,0.03661864472154533,0,0,0.9640559289745156,0.9111624488081486,1.0,,,,,
556,2026-01-18 19:55:55.006,0.14,140.22,0.13,8.08,0.87,8.08,0.86,140.22,0.010000000000000009,0.135,0.865,0.037905901184812005,0.0371904360161758,0,0,-0.8910316925151718,0.8910316925151718,1.01,,,,,
557,2026-01-18 19:55:56.114,0.13,30.59,0.12,317.22,0.88,317.22,0.87,30.59,0.010000000000000009,0.125,0.875,0.038774573036002055,0.03809546067832233,0,0,0.8240993645956127,-0.8240993645956127,1.01,,,,,
558,2026-01-18 19:55:57.181,0.13,72.55,0.12,284.97,0.88,284.97,0.87,72.55,0.010000000000000009,0.125,0.875,0.03956641773561694,0.03892073285958911,0,0,0.5941485791004699,-0.5941485791004699,1.01,,,,,
559,2026-01-18 19:55:58.339,0.13,72.85,0.12,272.97,0.88,272.97,0.87,88.85,0.010000000000000009,0.125,0.875,0.040285965788944264,0.0396712300940487,0,0,0.5786825516164479,-0.5088718147144989,1.01,,,,,
560,2026-01-18 19:55:59.482,0.13,161.35,0.12,257.97,0.88,257.97,0.87,106.35,0.010000000000000009,0.125,0.875,0.041033522880688234,0.040446920647069305,0,0,0.2304206811027378,-0.41617259552042163,1.01,,,,,
561,2026-01-18 19:56:00.743,0.13,216.35,0.12,228.03,0.88,228.03,0.87,216.35,0.010000000000000009,0.125,0.875,0.04172439503747062,0.041164116209104346,0,0,0.026283811152617145,-0.026283811152617145,1.01,,,,,
562,2026-01-18 19:56:01.836,0.13,208.65,0.12,4.07,0.88,4.07,0.87,208.65,0.010000000000000009,0.125,0.875,0.04242465904300493,0.041887915412764674,0,0,-0.9617337344866492,0.9617337344866492,1.01,,,,,
563,2026-01-18 19:56:03.039,0.12,26.55,0.11,553.9,0.89,553.9,0.88,42.55,0.010000000000000009,0.11499999999999999,0.885,0.043328579704497654,0.042819008794273854,0,0,0.9085192523042469,-0.8573224914074944,1.01,,,,,
564,2026-01-18 19:56:04.111,0.12,56.63,0.11,531.9,0.89,531.9,0.88,56.63,0.010000000000000009,0.11499999999999999,0.885,0.0441731154017209,0.043688920236282285,0,0,0.8075544152379658,-0.8075544152379658,1.01,,,,,
565,2026-01-18 19:56:05.222,0.13,183.73,0.12,220.8,0.88,220.8,0.87,133.73,0.010000000000000009,0.125,0.875,0.044733596242291195,0.044268936067684936,0,0,0.09163720861246391,-0.24559275660733937,1.01,,,,,
566,2026-01-18 19:56:06.295,0.13,126.0,0.12,248.41,0.88,248.41,0.87,126.0,0.010000000000000009,0.125,0.875,0.04525656614968688,0.04481057116502083,0,0,0.3269410539248418,-0.3269410539248418,1.01,,,,,
567,2026-01-18 19:56:07.394,0.14,218.47,0.12,264.8,0.88,264.8,0.86,218.47,0.020000000000000018,0.13,0.87,0.04564942558781154,0.04521948982338044,0,0,0.09586773439278254,-0.09586773439278254,1.02,,,,,
568,2026-01-18 19:56:08.438,0.14,223.47,0.13,159.4,0.87,159.4,0.86,223.47,0.010000000000000009,0.135,0.865,0.045930738817937064,0.04551463414006263,0,0,-0.16734139525165198,0.16734139525165198,1.01,,,,,
569,2026-01-18 19:56:09.551,0.14,223.47,0.13,509.25,0.87,509.25,0.86,223.47,0.010000000000000009,0.135,0.865,0.046188327334088126,0.045785671160480094,0,0,0.3900262037340321,-0.3900262037340321,1.01,,,,,
570,2026-01-18 19:56:10.675,0.14,216.32,0.13,521.25,0.87,521.25,0.86,216.32,0.010000000000000009,0.135,0.865,0.04642258606729175,0.046033026709335505,0,0,0.41342516642488175,-0.41342516642488175,1.01,,,,,
571,2026-01-18 19:56:11.806,0.14,194.32,0.13,663.96,0.87,663.96,0.86,194.32,0.010000000000000009,0.135,0.865,0.0466338666006183,0.046257080691761016,0,0,0.5471873980519179,-0.5471873980519179,1.01,,,,,
572,2026-01-18 19:56:12.891,0.14,80.0,0.13,105.55,0.87,105.55,0.86,80.0,0.010000000000000009,0.135,0.865,0.04608845278620187,0.045726634921484564,0,0,0.1376987334950148,-0.1376987334950148,1.01,,,,,
573,2026-01-18 19:56:14.116,0.14,86.57,0.13,119.55,0.87,119.55,0.86,86.57,0.010000000000000009,0.135,0.865,0.045035688923742795,0.044688106204648935,0,0,0.1600038812342325,-0.1600038812342325,1.01,,,,,
574,2026-01-18 19:56:15.164,0.14,70.0,0.13,155.55,0.87,155.55,0.86,70.0,0.010000000000000009,0.135,0.865,0.04350944763954464,0.043175096792602966,0,0,0.37929505652848594,-0.37929505652848594,1.01,,,,,
575,2026-01-18 19:56:16.427,0.14,92.0,0.13,119.55,0.87,119.55,0.86,92.0,0.010000000000000009,0.135,0.865,0.04219230590956216,0.04187172704132842,0,0,0.13022926022216968,-0.13022926022216968,1.01,,,,,
576,2026-01-18 19:56:17.686,0.14,130.0,0.13,111.14,0.87,111.14,0.86,130.0,0.010000000000000009,0.135,0.865,0.04108787262485284,0.04078147288994389,0,0,-0.07821182715435017,0.07821182715435017,1.01,,,,,
577,2026-01-18 19:56:18.796,0.14,104.0,0.13,107.14,0.87,107.14,0.86,104.0,0.010000000000000009,0.135,0.865,0.04019470620342478,0.0399026888351019,0,0,0.014871649142748892,-0.014871649142748892,1.01,,,,,
578,2026-01-18 19:56:19.905,0.14,104.0,0.13,111.14,0.87,111.14,0.86,104.0,0.010000000000000009,0.135,0.865,0.03920925680510935,0.03893161830639178,0,0,0.033187691735614026,-0.033187691735614026,1.01,,,,,
579,2026-01-18 19:56:20.997,0.14,104.0,0.13,90.23,0.87,90.23,0.86,104.0,0.010000000000000009,0.135,0.865,0.038124369032474084,0.037861161024512556,0,0,-0.07089533027853573,0.07089533027853573,1.01,,,,,
580,2026-01-18 19:56:22.067,0.14,122.0,0.13,65.08,0.87,65.08,0.86,122.0,0.010000000000000009,0.135,0.865,0.03693128066457214,0.03668261722913775,0,0,-0.3042548642292068,0.3042548642292068,1.01,,,,,
581,2026-01-18 19:56:23.166,0.14,100.0,0.13,107.08,0.87,107.08,0.86,100.0,0.010000000000000009,0.135,0.865,0.035619120587297014,0.03538518873654165,0,0,0.034189685145837354,-0.034189685145837354,1.01,,,,,
582,2026-01-18 19:56:24.201,0.14,110.0,0.13,138.08,0.87,138.08,0.86,110.0,0.010000000000000009,0.135,0.865,0.034546599168720944,0.03432758028701339,0,0,0.11318929377620127,-0.11318929377620127,1.01,,,,,
583,2026-01-18 19:56:25.436,0.14,110.0,0.13,120.08,0.87,120.08,0.86,110.0,0.010000000000000009,0.135,0.865,0.03297780027131041,0.03277415872643803,0,0,0.043810848400556324,-0.043810848400556324,1.01,,,,,
584,2026-01-18 19:56:26.589,0.15,971.29,0.14,439.85,0.86,434.85,0.85,964.29,0.010000000000000009,0.14500000000000002,0.855,0.03160255925415547,0.03141158787942927,0,0,-0.37660331363294924,0.3784038766670955,1.01,,,,,
585,2026-01-18 19:56:27.705,0.15,208.29,0.14,571.33,0.86,571.33,0.85,208.29,0.010000000000000009,0.14500000000000002,0.855,0.029651816571479726,0.029474086099694253,0,0,0.46566275877991853,-0.46566275877991853,1.01,,,,,
586,2026-01-18 19:56:28.801,0.15,74.13,0.14,687.64,0.86,687.64,0.85,146.79,0.010000000000000009,0.14500000000000002,0.855,0.027480218874283206,0.02731628412743636,0,0,0.8053743255838377,-0.6481670122119292,1.01,,,,,
587,2026-01-18 19:56:29.949,0.15,106.13,0.14,695.64,0.86,695.64,0.85,106.13,0.010000000000000009,0.14500000000000002,0.855,0.02558510225946144,0.02543561162981553,0,0,0.7352607356224353,-0.7352607356224353,1.01,,,,,
588,2026-01-18 19:56:31.112,0.19,100.0,0.18,97.11,0.83,216.55,0.81,100.0,0.020000000000000018,0.185,0.8200000000000001,0.02399667467546715,0.023725120778026788,0,0,-0.014661863933844048,-0.368188279892592,1.02,2026-01-18 19:56:32,,0.15,,21.9106
589,2026-01-18 19:56:32.198,0.22,131.99,0.21,105.05,0.79,117.05,0.78,116.99,0.010000000000000009,0.215,0.785,0.02399667467546715,0.023725120778026788,0,0,-0.11365170435369562,-0.00025636643308837067,1.01,2026-01-18 19:56:32,,0.15,,21.9106
590,2026-01-18 19:56:33.474,0.22,44.23,0.21,29.05,0.79,29.05,0.78,44.23,0.010000000000000009,0.215,0.785,0.02399667467546715,0.023725120778026788,0,0,-0.207150655021834,0.207150655021834,1.01,2026-01-18 19:56:32,,0.15,,21.9106
591,2026-01-18 19:56:34.584,0.21,91.11,0.2,72.5,0.8,72.5,0.79,91.11,0.010000000000000009,0.20500000000000002,0.795,0.02437046350657706,0.024100191058149378,0,0,-0.11374610353890348,0.11374610353890348,1.01,,,,,
592,2026-01-18 19:56:36.051,0.2,54.0,0.19,32.64,0.81,32.64,0.8,54.0,0.010000000000000009,0.195,0.805,0.024668852018020337,0.024398990439422535,0,0,-0.24653739612188366,0.24653739612188366,1.01,2026-01-18 19:56:38,0.79,,2.8702,
593,2026-01-18 19:56:37.206,0.2,41.0,0.19,36.0,0.81,36.0,0.8,41.0,0.010000000000000009,0.195,0.805,0.025184488769404302,0.02491454320826677,0,0,-0.06493506493506493,0.06493506493506493,1.01,2026-01-18 19:56:38,0.79,,2.8702,
594,2026-01-18 19:56:38.266,0.2,52.45,0.19,36.0,0.81,36.0,0.8,52.45,0.010000000000000009,0.195,0.805,0.025685379120522083,0.02541519630830316,0,0,-0.18598078010175242,0.18598078010175242,1.01,2026-01-18 19:56:38,0.79,,2.8702,
595,2026-01-18 19:56:39.458,0.2,59.45,0.19,73.0,0.81,73.0,0.8,59.45,0.010000000000000009,0.195,0.805,0.026172369740875345,0.02590181373576021,0,0,0.10230275575688938,-0.10230275575688938,1.01,2026-01-18 19:56:38,0.79,,2.8702,
596,2026-01-18 19:56:40.555,0.2,59.45,0.19,54.6,0.81,54.6,0.8,59.45,0.010000000000000009,0.195,0.805,0.026646222742457475,0.02637517236936815,0,0,-0.04252520824199913,0.04252520824199913,1.01,,,,,
597,2026-01-18 19:56:41.805,0.19,51.0,0.18,290.27,0.82,290.27,0.81,51.0,0.010000000000000009,0.185,0.815,0.026846892738592563,0.026575231661320742,0,0,0.7011164180853869,-0.7011164180853869,1.01,,,,,
598,2026-01-18 19:56:42.914,0.19,60.77,0.18,264.66,0.82,264.66,0.81,60.77,0.010000000000000009,0.185,0.815,0.027045029410580953,0.026772741006790963,0,0,0.6265249055096335,-0.6265249055096335,1.01,,,,,
599,2026-01-18 19:56:44.145,0.2,106.72,0.19,27.0,0.81,27.0,0.8,106.72,0.010000000000000009,0.195,0.805,0.027495633962606306,0.027222664203333243,0,0,-0.596171103798983,0.596171103798983,1.01,,,,,
600,2026-01-18 19:56:45.335,0.19,10.39,0.18,179.97,0.82,171.97,0.81,10.39,0.010000000000000009,0.185,0.815,0.027686068005079747,0.027412418316629043,0,0,0.8908384114309728,-0.8860495722746214,1.01,,,,,
601,2026-01-18 19:56:46.571,0.19,57.92,0.17,283.5,0.82,112.0,0.81,57.92,0.010000000000000009,0.18,0.815,0.027772786745586024,0.027599844427625614,0,0,0.6607111475601897,-0.31826741996233515,1.01,,,,,
602,2026-01-18 19:56:47.567,0.18,10.0,0.17,285.57,0.83,285.57,0.82,10.0,0.010000000000000009,0.175,0.825,0.027899132278995407,0.02772392142552705,0,0,0.9323341340460805,-0.9323341340460805,1.01,,,,,
603,2026-01-18 19:56:48.880,0.18,5.0,0.17,246.43,0.83,246.43,0.82,5.0,0.010000000000000009,0.175,0.825,0.027899132278995407,0.02772392142552705,0,0,0.9602274987073937,-0.9602274987073937,1.01,,,,,
604,2026-01-18 19:56:49.945,0.18,29.5,0.17,293.43,0.83,293.43,0.82,29.5,0.010000000000000009,0.175,0.825,0.028088339257775038,0.027905206771703207,0,0,0.8172978664106773,-0.8172978664106773,1.01,,,,,
605,2026-01-18 19:56:50.963,0.17,48.7,0.16,856.84,0.84,856.84,0.83,48.7,0.010000000000000009,0.165,0.835,0.0281486168890825,0.02795981781823941,0,0,0.8924398701327384,-0.8924398701327384,1.01,,,,,
606,2026-01-18 19:56:52.181,0.17,100.11,0.16,130.0,0.84,130.0,0.83,100.11,0.010000000000000009,0.165,0.835,0.028204759785827815,0.028010288666598937,0,0,0.1298943983312329,-0.1298943983312329,1.01,,,,,
607,2026-01-18 19:56:53.327,0.17,123.69,0.16,480.0,0.84,360.95,0.83,123.69,0.010000000000000009,0.165,0.835,0.028256792593703808,0.02805664166009001,0,0,0.5902201461014759,-0.48955926048200726,1.01,,,,,
608,2026-01-18 19:56:54.472,0.17,44.0,0.16,501.73,0.84,501.73,0.83,44.0,0.010000000000000009,0.165,0.835,0.028311224341748133,0.028108446164142063,0,0,0.838748098876734,-0.838748098876734,1.01,,,,,
609,2026-01-18 19:56:55.711,0.17,32.17,0.16,509.87,0.84,509.87,0.83,32.17,0.010000000000000009,0.165,0.835,0.02836455574478205,0.02815915220860006,0,0,0.88130027304258,-0.88130027304258,1.01,,,,,
610,2026-01-18 19:56:56.737,0.18,260.5,0.17,9.18,0.83,9.18,0.82,260.5,0.010000000000000009,0.175,0.825,0.028448089308611087,0.02831721043428223,0,0,-0.9319193117769208,0.9319193117769208,1.01,,,,,
611,2026-01-18 19:56:58.030,0.18,249.5,0.17,9.18,0.83,9.18,0.82,249.5,0.010000000000000009,0.175,0.825,0.028380983527507963,0.02824479353051963,0,0,-0.9290242770991185,0.9290242770991185,1.01,,,,,
612,2026-01-18 19:56:59.271,0.17,43.0,0.16,473.97,0.84,473.97,0.83,43.0,0.010000000000000009,0.165,0.835,0.028189231425520624,0.02804808220278172,0,0,0.8336460529624543,-0.8336460529624543,1.01,,,,,
613,2026-01-18 19:57:00.585,0.17,6.11,0.16,518.17,0.84,485.17,0.83,13.11,0.010000000000000009,0.165,0.835,0.027980017082414026,0.027833747755630363,0,0,0.9766918440527962,-0.9473789837039415,1.01,,,,,
614,2026-01-18 19:57:01.493,0.17,6.11,0.16,637.45,0.84,637.45,0.83,6.11,0.010000000000000009,0.165,0.835,0.02775294558601919,0.027601379642906543,0,0,0.981011871464976,-0.981011871464976,1.01,,,,,
615,2026-01-18 19:57:02.748,0.17,196.11,0.16,279.71,0.84,279.71,0.83,196.11,0.010000000000000009,0.165,0.835,0.02750757471436992,0.027507574714366087,0,0,0.17569669202639646,-0.17569669202639646,1.01,,,,,
616,2026-01-18 19:57:03.847,0.17,201.11,0.16,661.71,0.84,661.71,0.83,201.11,0.010000000000000009,0.165,0.835,0.02740417305019344,0.027404173050189606,0,0,0.533830926496836,-0.533830926496836,1.01,,,,,
617,2026-01-18 19:57:05.055,0.17,894.64,0.16,687.51,0.84,687.51,0.83,894.64,0.010000000000000009,0.165,0.835,0.027126508393582372,0.027126508393578518,0,0,-0.130916790443384,0.130916790443384,1.01,,,,,
618,2026-01-18 19:57:06.491,0.17,894.64,0.16,659.45,0.84,659.45,0.83,894.64,0.010000000000000009,0.165,0.835,0.026829130807519308,0.02682913080751543,0,0,-0.15133615170292578,0.15133615170292578,1.01,,,,,
619,2026-01-18 19:57:07.534,0.17,894.64,0.16,553.22,0.84,553.22,0.83,894.64,0.010000000000000009,0.165,0.835,0.026511376941694455,0.02651137694169055,0,0,-0.23581009213597995,0.23581009213597995,1.01,,,,,
620,2026-01-18 19:57:08.670,0.17,894.64,0.16,461.89,0.84,461.89,0.83,894.64,0.010000000000000009,0.165,0.835,0.026172504656604333,0.026172504656600395,0,0,-0.3190124803727157,0.3190124803727157,1.01,,,,,
621,2026-01-18 19:57:09.818,0.17,895.64,0.16,461.66,0.84,461.66,0.83,895.64,0.010000000000000009,0.165,0.835,0.02581168219727421,0.025811682197270237,0,0,-0.319737714580417,0.319737714580417,1.01,,,,,
622,2026-01-18 19:57:11.151,0.17,825.6,0.16,438.05,0.84,438.05,0.83,825.6,0.010000000000000009,0.165,0.835,0.025427975163271055,0.025427975163267037,0,0,-0.3066909349899102,0.3066909349899102,1.01,,,,,
623,2026-01-18 19:57:12.063,0.17,850.6,0.16,58.06,0.84,58.06,0.83,850.6,0.010000000000000009,0.165,0.835,0.024743885850965774,0.02474388585096167,0,0,-0.8722074263200756,0.8722074263200756,1.01,,,,,
624,2026-01-18 19:57:13.274,0.17,870.6,0.16,68.82,0.84,68.82,0.83,870.6,0.010000000000000009,0.165,0.835,0.024010943832527443,0.02401094383252324,0,0,-0.8534840646356261,0.8534840646356261,1.01,,,,,
625,2026-01-18 19:57:14.450,0.16,3.0,0.15,128.32,0.85,128.32,0.84,3.0,0.010000000000000009,0.155,0.845,0.02354584421211078,0.023545844212106516,0,0,0.954310082241852,-0.954310082241852,1.01,,,,,
626,2026-01-18 19:57:15.573,0.17,860.6,0.16,57.0,0.84,57.0,0.83,860.6,0.010000000000000009,0.165,0.835,0.023041353146077023,0.023041353146072686,0,0,-0.8757628596338274,0.8757628596338274,1.01,,,,,
627,2026-01-18 19:57:16.741,0.16,34.0,0.15,123.82,0.85,123.82,0.84,34.0,0.010000000000000009,0.155,0.845,0.022663561186399873,0.02266356118639548,0,0,0.5691293879102776,-0.5691293879102776,1.01,,,,,
628,2026-01-18 19:57:17.894,0.16,24.0,0.15,123.82,0.85,123.82,0.84,24.0,0.010000000000000009,0.155,0.845,0.022388928609778508,0.022388928609774074,0,0,0.6752807468542822,-0.6752807468542822,1.01,,,,,
629,2026-01-18 19:57:19.151,0.16,903.0,0.15,74.71,0.85,91.82,0.84,903.0,0.010000000000000009,0.155,0.845,0.022105774228406053,0.022105774228401574,0,0,-0.8471734972537869,0.815403791640699,1.01,,,,,
630,2026-01-18 19:57:20.341,0.16,1017.0,0.15,0.71,0.85,0.71,0.84,1017.0,0.010000000000000009,0.155,0.845,0.02181376619202193,0.021813766192017407,0,0,-0.9986047105757042,0.9986047105757042,1.01,,,,,
631,2026-01-18 19:57:21.612,0.15,49.36,0.14,45.0,0.86,45.0,0.85,49.36,0.010000000000000009,0.14500000000000002,0.855,0.021625177573484075,0.021625177573479516,0,0,-0.04620601949978804,0.04620601949978804,1.01,,,,,
632,2026-01-18 19:57:22.736,0.16,967.5,0.15,22.98,0.85,22.98,0.84,967.5,0.010000000000000009,0.155,0.845,0.021318641215537375,0.021318641215532765,0,0,-0.9535982553913254,0.9535982553913254,1.01,,,,,
633,2026-01-18 19:57:23.834,0.13,99.0,0.11,60.18,0.88,9.16,0.87,99.0,0.010000000000000009,0.12,0.875,0.02175492671001594,0.02159118752016316,0,0,-0.24387485865058423,0.830621301775148,1.01,,,,,
634,2026-01-18 19:57:24.963,0.13,85.0,0.12,20.0,0.88,20.0,0.87,85.0,0.010000000000000009,0.125,0.875,0.02202014999153481,0.021859043817375575,0,0,-0.6190476190476191,0.6190476190476191,1.01,,,,,
635,2026-01-18 19:57:25.938,0.15,117.5,0.13,52.0,0.87,52.0,0.85,117.5,0.020000000000000018,0.14,0.86,0.021917120465323413,0.021754926710011415,0,0,-0.3864306784660767,0.3864306784660767,1.02,,,,,
636,2026-01-18 19:57:27.043,0.13,24.0,0.12,20.0,0.88,20.0,0.87,24.0,0.010000000000000009,0.125,0.875,0.022179767591105487,0.02202014999153033,0,0,-0.09090909090909091,0.09090909090909091,1.01,,,,,
637,2026-01-18 19:57:28.065,0.13,42.26,0.12,80.0,0.88,80.0,0.87,42.26,0.010000000000000009,0.125,0.875,0.02243808178352746,0.022280948767183974,0,0,0.3086864060199575,-0.3086864060199575,1.01,,,,,
638,2026-01-18 19:57:29.153,0.13,27.5,0.12,468.0,0.88,468.0,0.87,27.5,0.010000000000000009,0.125,0.875,0.022692211013427915,0.02253747663575317,0,0,0.8890010090817356,-0.8890010090817356,1.01,,,,,
639,2026-01-18 19:57:30.265,0.13,44.5,0.12,81.59,0.88,81.59,0.87,44.5,0.010000000000000009,0.125,0.875,0.02294229435031445,0.022789877820497885,0,0,0.29415496867317,-0.29415496867317,1.01,,,,,
640,2026-01-18 19:57:31.347,0.14,941.5,0.13,10.0,0.87,10.0,0.86,941.5,0.010000000000000009,0.135,0.865,0.02294229435031445,0.022789877820497885,0,0,-0.9789805570152391,0.9789805570152391,1.01,,,,,
641,2026-01-18 19:57:32.474,0.15,17.5,0.14,230.0,0.86,230.0,0.85,17.5,0.010000000000000009,0.14500000000000002,0.855,0.022766779991610888,0.02261255588418953,0,0,0.8585858585858586,-0.8585858585858586,1.01,,,,,
642,2026-01-18 19:57:33.567,0.17,152.5,0.16,196.0,0.84,196.0,0.83,182.5,0.010000000000000009,0.165,0.835,0.02245192604323336,0.022293623521475597,0,0,0.12482065997130559,-0.035667107001321,1.01,,,,,
643,2026-01-18 19:57:34.680,0.21,910.0,0.2,84.0,0.8,84.0,0.79,910.0,0.010000000000000009,0.20500000000000002,0.795,0.02272331115961029,0.022562530811279714,0,0,-0.8309859154929577,0.8309859154929577,1.01,,,,,
644,2026-01-18 19:57:35.817,0.19,98.13,0.17,209.92,0.83,233.92,0.81,108.13,0.020000000000000018,0.18,0.8200000000000001,0.022639398686390238,0.022475818769920452,0,0,0.3628956338256777,-0.36775325244847246,1.02,,,,,
645,2026-01-18 19:57:37.073,0.19,112.0,0.18,588.5,0.82,588.5,0.81,112.0,0.010000000000000009,0.185,0.815,0.022599435021185995,0.022433045388968186,0,0,0.6802284082798001,-0.6802284082798001,1.01,,,,,
646,2026-01-18 19:57:38.524,0.19,144.0,0.18,360.23,0.82,360.23,0.81,144.0,0.010000000000000009,0.185,0.815,0.02253935666495448,0.02236999478467631,0,0,0.42883208059813976,-0.42883208059813976,1.01,,,,,
647,2026-01-18 19:57:39.761,0.18,148.55,0.17,41.45,0.83,41.45,0.82,148.55,0.010000000000000009,0.175,0.825,0.022367626929633105,0.022195045764696098,0,0,-0.5636842105263158,0.5636842105263158,1.01,,,,,
648,2026-01-18 19:57:40.985,0.18,124.64,0.17,15.0,0.83,15.0,0.82,124.64,0.010000000000000009,0.175,0.825,0.022274608685459926,0.02215826483650628,0,0,-0.7851618447436266,0.7851618447436266,1.01,,,,,
649,2026-01-18 19:57:42.290,0.15,73.0,0.14,96.29,0.86,96.29,0.85,73.0,0.010000000000000009,0.14500000000000002,0.855,0.021575645403469235,0.021464726023795736,0,0,0.13757457617106741,-0.13757457617106741,1.01,,,,,
650,2026-01-18 19:57:43.415,0.15,227.03,0.14,89.29,0.86,89.29,0.85,227.03,0.010000000000000009,0.14500000000000002,0.855,0.020786784154365932,0.020681195913354627,0,0,-0.4354451188669702,0.4354451188669702,1.01,,,,,
651,2026-01-18 19:57:44.645,0.15,156.55,0.14,144.29,0.86,144.29,0.85,156.55,0.010000000000000009,0.14500000000000002,0.855,0.020283304202681183,0.02018348040739524,0,0,-0.04075255950006654,0.04075255950006654,1.01,2026-01-18 19:57:46,0.84,,4.9775,
652,2026-01-18 19:57:45.798,0.15,105.05,0.14,89.29,0.86,89.29,0.85,105.05,0.010000000000000009,0.14500000000000002,0.855,0.02002752343439467,0.0199335052805104,0,0,-0.08109498816507148,0.08109498816507148,1.01,2026-01-18 19:57:46,0.84,,4.9775,
653,2026-01-18 19:57:47.043,0.14,28.03,0.13,133.0,0.87,133.0,0.86,52.0,0.010000000000000009,0.135,0.865,0.019925709480594633,0.01983975350675539,0,0,0.6518661119046141,-0.43783783783783786,1.01,2026-01-18 19:57:46,0.84,,4.9775,
654,2026-01-18 19:57:48.285,0.14,20.0,0.13,170.88,0.87,170.88,0.86,20.0,0.010000000000000009,0.135,0.865,0.01977200554799146,0.019693986578252883,0,0,0.7904442581726739,-0.7904442581726739,1.01,,,,,
655,2026-01-18 19:57:49.595,0.14,86.85,0.13,180.84,0.87,180.84,0.86,86.85,0.010000000000000009,0.135,0.865,0.019565188733295335,0.019495037757719578,0,0,0.3511150958197916,-0.3511150958197916,1.01,,,,,
656,2026-01-18 19:57:50.450,0.14,81.65,0.13,95.84,0.87,95.84,0.86,81.65,0.010000000000000009,0.135,0.865,0.019303551969625785,0.019241257461515726,0,0,0.07994816609386443,-0.07994816609386443,1.01,,,,,
657,2026-01-18 19:57:51.599,0.14,120.81,0.13,95.84,0.87,95.84,0.86,120.81,0.010000000000000009,0.135,0.865,0.019263266761576546,0.0192081962260816,0,0,-0.1152550196168936,0.1152550196168936,1.01,,,,,
658,2026-01-18 19:57:53.436,0.12,28.76,0.11,1042.0,0.89,1042.0,0.88,2.76,0.010000000000000009,0.11499999999999999,0.885,0.01975485351219068,0.01971119157854478,0,0,0.9462811461018342,-0.9947164899115587,1.01,,,,,
659,2026-01-18 19:57:54.531,0.14,20.0,0.13,170.0,0.87,162.0,0.86,20.0,0.010000000000000009,0.135,0.865,0.01933864139094148,0.019302820261719866,0,0,0.7894736842105263,-0.7802197802197802,1.01,,,,,
660,2026-01-18 19:57:55.760,0.15,112.93,0.14,130.0,0.86,130.0,0.85,112.93,0.010000000000000009,0.14500000000000002,0.855,0.01902644606114058,0.018995985302870808,0,0,0.07026715514757334,-0.07026715514757334,1.01,,,,,
661,2026-01-18 19:57:56.887,0.15,126.54,0.14,190.0,0.86,190.0,0.85,126.54,0.010000000000000009,0.14500000000000002,0.855,0.01880824287380345,0.018659905958906767,0,0,0.2004801920768307,-0.2004801920768307,1.01,,,,,
662,2026-01-18 19:57:57.961,0.15,974.24,0.14,65.07,0.86,65.07,0.85,974.24,0.010000000000000009,0.14500000000000002,0.855,0.018672580277970866,0.018525444404797517,0,0,-0.8747823074924711,0.8747823074924711,1.01,,,,,
663,2026-01-18 19:57:59.183,0.15,1014.24,0.14,65.07,0.86,65.07,0.85,1014.24,0.010000000000000009,0.14500000000000002,0.855,0.01852220380781628,0.01837616978096828,0,0,-0.8794229646718739,0.8794229646718739,1.01,,,,,
664,2026-01-18 19:58:00.291,0.12,92.0,0.11,501.41,0.89,501.41,0.88,92.0,0.010000000000000009,0.11499999999999999,0.885,0.01899654295043643,0.018858677512325343,0,0,0.6899277059705767,-0.6899277059705767,1.01,,,,,
665,2026-01-18 19:58:01.269,0.14,105.0,0.13,20.0,0.87,20.0,0.86,105.0,0.010000000000000009,0.135,0.865,0.01907667401633218,0.01894162904119453,0,0,-0.68,0.68,1.01,,,,,
666,2026-01-18 19:58:02.279,0.12,14.81,0.11,132.04,0.89,132.04,0.88,14.81,0.010000000000000009,0.11499999999999999,0.885,0.019616917350278658,0.019489240838840693,0,0,0.7982975825672455,-0.7982975825672455,1.01,,,,,
667,2026-01-18 19:58:03.366,0.13,110.2,0.12,8.86,0.88,8.86,0.87,110.2,0.010000000000000009,0.125,0.875,0.01984313483298394,0.019719788449598888,0,0,-0.8511674785822274,0.8511674785822274,1.01,,,,,
668,2026-01-18 19:58:04.385,0.13,148.2,0.12,18.32,0.88,18.32,0.87,148.2,0.010000000000000009,0.125,0.875,0.020044265984815648,0.01992500062025775,0,0,-0.7799663704059573,0.7799663704059573,1.01,,,,,
669,2026-01-18 19:58:05.534,0.12,50.0,0.11,87.76,0.89,87.76,0.88,50.0,0.010000000000000009,0.11499999999999999,0.885,0.02046959299273235,0.020356289717755608,0,0,0.2740998838559815,-0.2740998838559815,1.01,,,,,
670,2026-01-18 19:58:06.624,0.12,114.0,0.11,86.76,0.89,86.76,0.88,114.0,0.010000000000000009,0.11499999999999999,0.885,0.02067965921103944,0.02057163314847013,0,0,-0.13568439928272563,0.13568439928272563,1.01,,,,,
671,2026-01-18 19:58:07.720,0.12,95.45,0.11,24.1,0.89,24.1,0.88,95.45,0.010000000000000009,0.11499999999999999,0.885,0.020838869320964955,0.02073576020820512,0,0,-0.5968214136344625,0.5968214136344625,1.01,,,,,
672,2026-01-18 19:58:08.816,0.11,5.0,0.1,124.0,0.9,124.0,0.88,105.39,0.010000000000000009,0.10500000000000001,0.89,0.02142833938534536,0.02117505061059675,0,0,0.9224806201550387,-0.08112820959937225,1.01,,,,,
673,2026-01-18 19:58:09.922,0.12,112.0,0.1,127.5,0.9,127.5,0.88,112.0,0.020000000000000018,0.11,0.89,0.021807452206789243,0.02156582355864163,0,0,0.06471816283924843,-0.06471816283924843,1.02,,,,,
674,2026-01-18 19:58:11.000,0.12,5.0,0.1,158.5,0.9,158.5,0.88,5.0,0.020000000000000018,0.11,0.89,0.022141526034608096,0.021910675106339567,0,0,0.9388379204892966,-0.9388379204892966,1.02,,,,,
675,2026-01-18 19:58:12.232,0.12,5.0,0.11,45.0,0.89,45.0,0.88,5.0,0.010000000000000009,0.11499999999999999,0.885,0.022313096911574074,0.022090434312963182,0,0,0.8,-0.8,1.01,,,,,
676,2026-01-18 19:58:13.327,0.11,5.0,0.1,74.63,0.9,74.63,0.89,5.0,0.010000000000000009,0.10500000000000001,0.895,0.02270092334914906,0.0224896397993572,0,0,0.8744191887479593,-0.8744191887479593,1.01,,,,,
677,2026-01-18 19:58:14.461,0.11,14.0,0.1,74.63,0.9,74.63,0.89,14.0,0.010000000000000009,0.10500000000000001,0.895,0.023038134683986484,0.022837394995253658,0,0,0.6840798826582422,-0.6840798826582422,1.01,,,,,
678,2026-01-18 19:58:15.573,0.12,814.0,0.1,74.63,0.9,74.63,0.88,814.0,0.020000000000000018,0.11,0.89,0.0232044462912521,0.023011910450864655,0,0,-0.8320335797801109,0.8320335797801109,1.02,,,,,
679,2026-01-18 19:58:16.775,0.1,62.0,0.09,110.0,0.91,110.0,0.9,62.0,0.010000000000000009,0.095,0.905,0.023739404416157673,0.02355963703402248,0,0,0.27906976744186046,-0.27906976744186046,1.01,,,,,
680,2026-01-18 19:58:18.051,0.1,29.0,0.09,4.95,0.91,4.95,0.9,29.0,0.010000000000000009,0.095,0.905,0.024205452997253504,0.024037400237322506,0,0,-0.7083946980854197,0.7083946980854197,1.01,,,,,
681,2026-01-18 19:58:19.319,0.09,28.66,0.08,160.5,0.92,160.5,0.91,28.66,0.010000000000000009,0.08499999999999999,0.915,0.024932111212079798,0.02477811135376596,0,0,0.6969761048847537,-0.6969761048847537,1.01,,,,,
682,2026-01-18 19:58:20.397,0.09,3.66,0.08,164.37,0.92,164.37,0.91,3.66,0.010000000000000009,0.08499999999999999,0.915,0.025567568616740657,0.025426308720319188,0,0,0.9564363506516694,-0.9564363506516694,1.01,,,,,
683,2026-01-18 19:58:21.607,0.11,102.13,0.1,10.0,0.9,10.0,0.89,102.13,0.010000000000000009,0.10500000000000001,0.895,0.02559407152399032,0.025459616854839263,0,0,-0.8216356015339338,0.8216356015339338,1.01,,,,,
684,2026-01-18 19:58:22.865,0.11,232.13,0.1,6.92,0.9,6.92,0.89,232.13,0.010000000000000009,0.10500000000000001,0.895,0.025580823502644276,0.025452958714938557,0,0,-0.9421041623091404,0.9421041623091404,1.01,,,,,
685,2026-01-18 19:58:23.968,0.06,143.0,0.05,331.07,0.95,261.07,0.94,190.5,0.010000000000000009,0.055,0.945,0.027393862977198955,0.02728485434881208,0,0,0.39671356550720355,-0.1562769891711141,1.01,,,,,
686,2026-01-18 19:58:25.326,0.07,125.0,0.06,110.0,0.94,110.0,0.93,125.0,0.010000000000000009,0.065,0.935,0.028406353232240066,0.028311224341743723,0,0,-0.06382978723404255,0.06382978723404255,1.01,,,,,
687,2026-01-18 19:58:26.476,0.08,140.5,0.07,124.0,0.93,124.0,0.92,164.5,0.010000000000000009,0.07500000000000001,0.925,0.0291213125984668,0.029036310795837943,0,0,-0.062381852551984876,0.14038128249566725,1.01,,,,,
688,2026-01-18 19:58:27.544,0.08,165.5,0.07,60.48,0.93,60.48,0.92,165.5,0.010000000000000009,0.07500000000000001,0.925,0.02975844370513027,0.02968288136834778,0,0,-0.46473139215859816,0.46473139215859816,1.01,,,,,
689,2026-01-18 19:58:28.725,0.08,160.5,0.06,92.22,0.94,92.22,0.92,160.5,0.020000000000000018,0.07,0.9299999999999999,0.030474009487385864,0.030408123171316925,0,0,-0.2701804368471035,0.2701804368471035,1.02,,,,,
690,2026-01-18 19:58:29.860,0.08,138.0,0.06,109.0,0.94,109.0,0.92,138.0,0.020000000000000018,0.07,0.9299999999999999,0.031107613470325965,0.031050805824850983,0,0,-0.11740890688259109,0.11740890688259109,1.02,,,,,
691,2026-01-18 19:58:31.215,0.08,1083.0,0.06,16.26,0.94,16.26,0.92,1059.0,0.020000000000000018,0.07,0.9299999999999999,0.0318030441281838,0.03175415360525543,0,0,-0.9704164619835162,0.9697561520004464,1.02,,,,,
692,2026-01-18 19:58:32.356,0.06,122.11,0.05,286.44,0.95,286.44,0.94,122.11,0.010000000000000009,0.055,0.945,0.03276122742814847,0.03272240287199622,0,0,0.4022273895484028,-0.4022273895484028,1.01,,,,,
693,2026-01-18 19:58:33.467,0.07,175.37,0.05,259.03,0.95,259.03,0.93,175.37,0.020000000000000018,0.060000000000000005,0.94,0.033737416570273376,0.033702336085601386,0,0,0.1925874769797421,-0.1925874769797421,1.02,,,,,
694,2026-01-18 19:58:34.754,0.06,93.5,0.05,50.0,0.95,50.0,0.94,84.5,0.010000000000000009,0.055,0.945,0.03480484332164228,0.0347736831461341,0,0,-0.30313588850174217,0.25650557620817843,1.01,,,,,
695,2026-01-18 19:58:35.978,0.05,56.0,0.04,167.93,0.96,167.93,0.95,56.0,0.010000000000000009,0.045,0.955,0.036030432836637975,0.03600406050546328,0,0,0.4998437011566115,-0.4998437011566115,1.01,,,,,
696,2026-01-18 19:58:37.220,0.05,72.84,0.04,138.82,0.96,138.82,0.95,72.84,0.010000000000000009,0.045,0.955,0.03725162568021978,0.037229153724001735,0,0,0.3117263535859397,-0.3117263535859397,1.01,,,,,
697,2026-01-18 19:58:38.432,0.06,59.0,0.05,117.5,0.95,117.5,0.94,59.0,0.010000000000000009,0.055,0.945,0.03809407030090637,0.03807469242672265,0,0,0.3314447592067989,-0.3314447592067989,1.01,,,,,
698,2026-01-18 19:58:39.512,0.06,69.0,0.05,113.09,0.95,113.09,0.94,69.0,0.010000000000000009,0.055,0.945,0.03888270061067856,0.03886625989456394,0,0,0.24213301114833324,-0.24213301114833324,1.01,,,,,
699,2026-01-18 19:58:40.786,0.06,59.0,0.05,24.49,0.95,24.49,0.94,59.0,0.010000000000000009,0.055,0.945,0.03962073017861998,0.03960709218577054,0,0,-0.4133429153192,0.4133429153192,1.01,,,,,
700,2026-01-18 19:58:42.001,0.05,73.78,0.04,67.5,0.96,67.5,0.95,73.78,0.010000000000000009,0.045,0.955,0.040499703563119674,0.04048950132458806,0,0,-0.04445073612684033,0.04445073612684033,1.01,,,,,
701,2026-01-18 19:58:43.143,0.05,30.0,0.04,50.0,0.96,50.0,0.95,30.0,0.010000000000000009,0.045,0.955,0.04118444114092602,0.0411778387822789,0,0,0.25,-0.25,1.01,,,,,
702,2026-01-18 19:58:44.399,0.04,32.12,0.03,1993.41,0.97,1984.41,0.96,32.12,0.010000000000000009,0.035,0.965,0.04169400233257153,0.04169188502377706,0,0,0.9682848439667644,-0.9681432956613589,1.01,,,,,
703,2026-01-18 19:58:45.480,0.04,70.0,0.03,1910.69,0.97,1910.69,0.96,70.0,0.010000000000000009,0.035,0.965,0.04079160210459861,0.040795324175399744,0,0,0.9293175610519566,-0.9293175610519566,1.01,,,,,
704,2026-01-18 19:58:46.581,0.05,82.5,0.03,1676.0,0.97,1676.0,0.95,82.5,0.020000000000000018,0.04,0.96,0.040470397914335376,0.04047903481910958,0,0,0.9061700312766563,-0.9061700312766563,1.02,,,,,
705,2026-01-18 19:58:48.068,0.05,67.02,0.03,1638.49,0.97,1638.49,0.95,67.02,0.020000000000000018,0.04,0.96,0.03983537805309218,0.03984929236127778,0,0,0.9214076727782305,-0.9214076727782305,1.02,,,,,
706,2026-01-18 19:58:49.202,0.05,24.0,0.03,1459.6,0.97,1459.6,0.95,24.0,0.020000000000000018,0.04,0.96,0.03903822550843555,0.0390576677802074,0,0,0.967646265839849,-0.967646265839849,1.02,,,,,
707,2026-01-18 19:58:50.277,0.06,193.5,0.03,1527.1,0.97,1527.1,0.94,193.5,0.030000000000000027,0.045,0.955,0.038321417946708854,0.038346012395897654,0,0,0.7750784610019761,-0.7750784610019761,1.03,,,,,
708,2026-01-18 19:58:51.431,0.05,79.5,0.03,1380.0,0.97,1380.0,0.95,79.5,0.020000000000000018,0.04,0.96,0.03758032827752228,0.03761047756408494,0,0,0.8910585817060637,-0.8910585817060637,1.02,,,,,
709,2026-01-18 19:58:52.647,0.05,103.5,0.03,1350.0,0.97,1350.0,0.95,103.5,0.020000000000000018,0.04,0.96,0.03761385728540772,0.03764791918829916,0,0,0.8575851393188855,-0.8575851393188855,1.02,,,,,
710,2026-01-18 19:58:53.777,0.05,69.5,0.03,1334.48,0.97,1334.48,0.95,69.5,0.020000000000000018,0.04,0.96,0.03756453956550481,0.03760259036635042,0,0,0.9009957406800667,-0.9009957406800667,1.02,,,,,
711,2026-01-18 19:58:54.845,0.06,171.0,0.04,7.77,0.96,7.77,0.94,171.0,0.020000000000000018,0.05,0.95,0.03723266289752444,0.037274652480120914,0,0,-0.9130726631985231,0.9130726631985231,1.02,,,,,
712,2026-01-18 19:58:56.069,0.05,158.0,0.03,1292.24,0.97,1292.24,0.95,158.0,0.020000000000000018,0.04,0.96,0.03702295440051198,0.03706918253461988,0,0,0.7821050308914387,-0.7821050308914387,1.02,,,,,
713,2026-01-18 19:58:57.345,0.05,138.74,0.03,1298.03,0.97,1298.03,0.95,138.74,0.020000000000000018,0.04,0.96,0.036977623406167934,0.037027532129388196,0,0,0.806872359528665,-0.806872359528665,1.02,,,,,
714,2026-01-18 19:58:58.628,0.05,146.4,0.03,1274.64,0.97,1250.64,0.95,146.4,0.020000000000000018,0.04,0.96,0.036863142065454366,0.03691684043013818,0,0,0.7939537240331024,-0.7904140182099295,1.02,,,,,
715,2026-01-18 19:58:59.801,0.05,225.49,0.03,1037.36,0.97,1037.36,0.95,225.49,0.020000000000000018,0.04,0.96,0.03667886289200997,0.03673648335155663,0,0,0.6428871204022647,-0.6428871204022647,1.02,,,,,
716,2026-01-18 19:59:00.925,0.04,17.5,0.03,400.0,0.97,400.0,0.96,17.5,0.010000000000000009,0.035,0.965,0.03652450612975648,0.036586230468396874,0,0,0.9161676646706587,-0.9161676646706587,1.01,,,,,
717,2026-01-18 19:59:02.167,0.04,10.0,0.03,462.9,0.97,462.9,0.96,10.0,0.010000000000000009,0.035,0.965,0.03629174004481249,0.03635774461129269,0,0,0.9577077606259251,-0.9577077606259251,1.01,,,,,
718,2026-01-18 19:59:03.490,0.05,29.87,0.03,108.2,0.97,108.2,0.95,29.87,0.020000000000000018,0.04,0.96,0.0363282080560684,0.03639705706113484,0,0,0.5673209241688999,-0.5673209241688999,1.02,,,,,
719,2026-01-18 19:59:04.619,0.04,34.5,0.02,5484.01,0.98,5540.01,0.96,58.5,0.020000000000000018,0.03,0.97,0.03605982160886683,0.0361332866866453,0,0,0.9874966249947903,-0.9791015823853132,1.02,,,,,
720,2026-01-18 19:59:05.850,0.04,131.79,0.02,5479.15,0.98,5479.15,0.96,131.79,0.020000000000000018,0.03,0.97,0.03538918009500409,0.035468614278960635,0,0,0.9530239139965853,-0.9530239139965853,1.02,,,,,
721,2026-01-18 19:59:06.992,0.04,131.79,0.02,5481.22,0.98,5481.22,0.96,131.79,0.020000000000000018,0.03,0.97,0.03459776943268942,0.034683699911451954,0,0,0.9530412381235737,-0.9530412381235737,1.02,,,,,
722,2026-01-18 19:59:08.222,0.04,80.79,0.03,37.02,0.97,37.02,0.96,80.79,0.010000000000000009,0.035,0.965,0.03358142141730759,0.03367455996297786,0,0,-0.3715304303539598,0.3715304303539598,1.01,,,,,
723,2026-01-18 19:59:09.443,0.04,104.79,0.02,5715.83,0.98,5771.83,0.96,191.79,0.020000000000000018,0.03,0.97,0.03252237387184264,0.03262351583306674,0,0,0.9639935264628167,-0.935680006439042,1.02,,,,,
724,2026-01-18 19:59:10.703,0.04,104.79,0.03,49.2,0.97,49.2,0.96,104.79,0.010000000000000009,0.035,0.965,0.03222570034478524,0.03233126558708916,0,0,-0.3609974673680109,0.3609974673680109,1.01,,,,,
725,2026-01-18 19:59:11.599,0.04,80.79,0.03,49.2,0.97,49.2,0.96,80.79,0.010000000000000009,0.035,0.965,0.031233017984648972,0.031346433131316756,0,0,-0.24301869374567275,0.24301869374567275,1.01,,,,,
726,2026-01-18 19:59:12.664,0.03,17.5,0.02,5471.83,0.98,5471.83,0.97,17.5,0.010000000000000009,0.025,0.975,0.030979649781187005,0.031098077038296736,0,0,0.9936239941850827,-0.9936239941850827,1.01,,,,,
727,2026-01-18 19:59:13.745,0.03,387.31,0.02,4941.41,0.98,4941.41,0.97,387.31,0.010000000000000009,0.025,0.975,0.030329988329876167,0.03045558032415349,0,0,0.8546330075515319,-0.8546330075515319,1.01,,,,,
728,2026-01-18 19:59:14.959,0.03,356.69,0.02,4728.12,0.98,4728.12,0.97,356.69,0.010000000000000009,0.025,0.975,0.029570728197014777,0.0297042864376165,0,0,0.8597037057431842,-0.8597037057431842,1.01,,,,,
729,2026-01-18 19:59:16.093,0.03,375.94,0.02,4760.04,0.98,4760.04,0.97,375.94,0.010000000000000009,0.025,0.975,0.029050292451633847,0.02919058744663815,0,0,0.8536053489304867,-0.8536053489304867,1.01,,,,,
730,2026-01-18 19:59:17.224,0.03,388.92,0.02,4759.72,0.98,4759.72,0.97,388.92,0.010000000000000009,0.025,0.975,0.028440020143501013,0.02858775764213152,0,0,0.8489232107896454,-0.8489232107896454,1.01,,,,,
731,2026-01-18 19:59:18.294,0.03,583.7,0.02,4476.09,0.98,4476.09,0.97,583.7,0.010000000000000009,0.025,0.975,0.027733981481453247,0.02789001805923096,0,0,0.7692789621703668,-0.7692789621703668,1.01,,,,,
732,2026-01-18 19:59:19.435,0.03,682.68,0.02,3342.22,0.98,3342.22,0.97,682.68,0.010000000000000009,0.025,0.975,0.027269708572879,0.027269708572870942,0,0,0.6607716961912098,-0.6607716961912098,1.01,,,,,
733,2026-01-18 19:59:20.622,0.03,1050.02,0.02,3108.33,0.98,3108.33,0.97,1050.02,0.010000000000000009,0.025,0.975,0.026558218747703713,0.02655821874769537,0,0,0.49498238484014084,-0.49498238484014084,1.01,,,,,
734,2026-01-18 19:59:21.925,0.03,1173.03,0.02,2706.04,0.98,2706.04,0.97,1173.03,0.010000000000000009,0.025,0.975,0.02574799098081357,0.02574799098080489,0,0,0.3952003959711993,-0.3952003959711993,1.01,,,,,
735,2026-01-18 19:59:23.043,0.03,1163.03,0.02,2633.89,0.98,2633.89,0.97,1163.03,0.010000000000000009,0.025,0.975,0.02461726806543904,0.02461726806542988,0,0,0.3873824046859033,-0.3873824046859033,1.01,,,,,
736,2026-01-18 19:59:24.101,0.03,1526.02,0.02,815.02,0.98,815.02,0.97,1550.02,0.010000000000000009,0.025,0.975,0.023771956844219316,0.023771956844209755,0,0,-0.3037111711034412,0.3107769847444441,1.01,,,,,
737,2026-01-18 19:59:25.248,0.03,1605.02,0.02,790.33,0.98,790.33,0.97,1605.02,0.010000000000000009,0.025,0.975,0.022816357250712193,0.022816357250702152,0,0,-0.34011313586740977,0.34011313586740977,1.01,,,,,
738,2026-01-18 19:59:26.290,0.02,69.54,0.01,4954.43,0.99,4954.43,0.98,14.45,0.010000000000000009,0.015,0.985,0.021704226462321133,0.021704226462310475,0,0,0.9723167136746438,-0.9941837999710197,1.01,,,,,
739,2026-01-18 19:59:27.372,0.02,658.45,0.01,4952.25,0.99,4952.25,0.98,658.45,0.010000000000000009,0.015,0.985,0.021113093375070474,0.02111309337505943,0,0,0.7652877537562158,-0.7652877537562158,1.01,,,,,
740,2026-01-18 19:59:28.446,0.02,955.31,0.01,4758.55,0.99,4758.55,0.98,955.31,0.010000000000000009,0.015,0.985,0.020416565778605594,0.020416565778594086,0,0,0.6656165884358385,-0.6656165884358385,1.01,,,,,
741,2026-01-18 19:59:29.693,0.02,922.17,0.01,4762.81,0.99,4762.81,0.98,922.17,0.010000000000000009,0.015,0.985,0.020010590416416965,0.020010590416405145,0,0,0.6755766950807215,-0.6755766950807215,1.01,,,,,
742,2026-01-18 19:59:30.842,0.02,1090.46,0.01,3342.22,0.99,3342.22,0.98,1090.46,0.010000000000000009,0.015,0.985,0.019525443345879426,0.019525443345867224,0,0,0.5079906512538689,-0.5079906512538689,1.01,,,,,
743,2026-01-18 19:59:32.021,0.02,1127.4,0.01,2590.81,0.99,2590.81,0.98,1127.4,0.010000000000000009,0.015,0.985,0.01794451586746086,0.017944515867447462,0,0,0.39357916847085017,-0.39357916847085017,1.01,,,,,
744,2026-01-18 19:59:33.240,0.02,1142.27,0.01,131.14,0.99,105.14,0.98,1118.27,0.010000000000000009,0.015,0.985,0.01606835680446266,0.016068356804447567,0,0,-0.7940333435421428,0.8281197636115447,1.01,,,,,
745,2026-01-18 19:59:34.377,0.01,1092.14,,,,,0.99,1092.14,,,,0.01605531787377926,0.016055317873763873,0,0,,,,,,,,
746,2026-01-18 19:59:35.622,0.01,895.82,,,,,0.99,895.82,,,,0.01579033068858064,0.015790330688564676,0,0,,,,,,,,
747,2026-01-18 19:59:36.727,0.02,996.53,,,,,0.98,996.53,,,,0.015111324572182899,0.015111324572165859,0,0,,,,,,,,
748,2026-01-18 19:59:37.877,0.01,50.0,,,,,0.99,50.0,,,,0.01434161142207749,0.014341611422059143,0,0,,,,,,,,
749,2026-01-18 19:59:39.262,0.02,955.53,0.01,135.0,0.99,135.0,0.98,955.53,0.010000000000000009,0.015,0.985,0.013863609750880943,0.01386360975086186,0,0,-0.7524139638524387,0.7524139638524387,1.01,,,,,
750,2026-01-18 19:59:40.315,0.01,187.03,,,,,0.99,187.03,,,,0.013153458405055116,0.013153458405034554,0,0,,,,,,,,
751,2026-01-18 19:59:41.288,0.01,67.03,,,,,0.99,67.03,,,,0.0123387573771797,0.012338757377157283,0,0,,,,,,,,
752,2026-01-18 19:59:42.692,0.01,100.99,,,,,0.99,100.99,,,,0.01210440791019383,0.012104407910170489,0,0,,,,,,,,
753,2026-01-18 19:59:43.531,0.01,20.07,,,,,0.99,20.07,,,,0.01163808176675623,0.011638081766731406,0,0,,,,,,,,
754,2026-01-18 19:59:44.686,0.02,897.56,0.01,22.98,0.99,22.98,0.98,897.56,0.010000000000000009,0.015,0.985,0.011481508511839452,0.011481508511814181,0,0,-0.950072783366285,0.950072783366285,1.01,,,,,
755,2026-01-18 19:59:45.938,0.01,320.02,,,,,0.99,195.02,,,,0.011453229701192918,0.011453229701167042,0,0,,,,,,,,
756,2026-01-18 19:59:46.653,0.01,340.22,,,,,0.99,340.22,,,,0.011417852115824108,0.011417852115797584,0,0,,,,,,,,
757,2026-01-18 19:59:47.997,0.01,521.33,,,,,0.99,521.33,,,,0.011029104971059073,0.01102910497103097,0,0,,,,,,,,
758,2026-01-18 19:59:49.190,0.01,702.11,,,,,0.99,702.11,,,,0.010585685503958112,0.010585685503928124,0,0,,,,,,,,
759,2026-01-18 19:59:50.175,0.01,676.51,,,,,0.99,676.51,,,,0.010076029201892668,0.010076029201860386,0,0,,,,,,,,
760,2026-01-18 19:59:51.222,0.01,669.98,,,,,0.99,669.98,,,,0.009944289260120523,0.009944289260087029,0,0,,,,,,,,
761,2026-01-18 19:59:52.021,0.01,669.44,,,,,0.99,669.44,,,,0.009793318687204658,0.009793318687169811,0,0,,,,,,,,
762,2026-01-18 19:59:53.628,0.01,1858.62,,,,,0.99,1858.62,,,,0.009872335190532556,0.00987233519049716,0,0,,,,,,,,
763,2026-01-18 19:59:54.211,0.01,2334.08,,,,,0.99,2334.08,,,,0.009952823380569149,0.009952823380533177,0,0,,,,,,,,
764,2026-01-18 19:59:55.530,0.01,2323.88,,,,,0.99,2323.88,,,,0.00993372346044945,0.009933723460412476,0,0,,,,,,,,
765,2026-01-18 19:59:57.049,0.01,3789.44,,,,,0.99,3789.44,,,,0.009906575790983824,0.009906575790945765,0,0,,,,,,,,
766,2026-01-18 19:59:58.296,0.01,38293.22,,,,,0.99,38293.22,,,,0.00987015054570808,0.009870150545668836,0,0,,,,,,,,
767,2026-01-18 19:59:59.119,0.01,40869.45,,,,,0.99,40869.45,,,,0.009630487464245632,0.009630487464204253,0,0,,,,,,,,
768,2026-01-18 20:00:00.533,0.01,62801.64,,,,,0.99,62801.64,,,,0.009560022259630256,0.009560022259587372,0,0,,,,,,,,
